Gene Symbol,Description,Category,Uniprot ID,Gifts,GC Id,Relevance score, GeneCards Link
NLRP3,NLR Family Pyrin Domain Containing 3,Protein Coding,Q96P20,57,GC01P247416,57.6070137,https://www.genecards.org/cgi-bin/carddisp.pl?gene=NLRP3
IL6,Interleukin 6,Protein Coding,P05231,60,GC07P022725,42.28529358,https://www.genecards.org/cgi-bin/carddisp.pl?gene=IL6
TNF,Tumor Necrosis Factor,Protein Coding,P01375,61,GC06P134820,39.57378006,https://www.genecards.org/cgi-bin/carddisp.pl?gene=TNF
CRP,C-Reactive Protein,Protein Coding,P02741,54,GC01M161311,35.69698715,https://www.genecards.org/cgi-bin/carddisp.pl?gene=CRP
IL10,Interleukin 10,Protein Coding,P22301,56,GC01M206767,33.97427368,https://www.genecards.org/cgi-bin/carddisp.pl?gene=IL10
TLR4,Toll Like Receptor 4,Protein Coding,O00206,60,GC09P117704,31.96286201,https://www.genecards.org/cgi-bin/carddisp.pl?gene=TLR4
IL1B,Interleukin 1 Beta,Protein Coding,P01584,56,GC02M112829,28.8633194,https://www.genecards.org/cgi-bin/carddisp.pl?gene=IL1B
CXCL8,C-X-C Motif Chemokine Ligand 8,Protein Coding,P10145,53,GC04P073740,28.51713753,https://www.genecards.org/cgi-bin/carddisp.pl?gene=CXCL8
NOD2,Nucleotide Binding Oligomerization Domain Containing 2,Protein Coding,Q9HC29,56,GC16P050693,26.20967484,https://www.genecards.org/cgi-bin/carddisp.pl?gene=NOD2
SYK,Spleen Associated Tyrosine Kinase,Protein Coding,P43405,59,GC09P099958,25.01517296,https://www.genecards.org/cgi-bin/carddisp.pl?gene=SYK
CCL2,C-C Motif Chemokine Ligand 2,Protein Coding,P13500,58,GC17P034255,22.35033417,https://www.genecards.org/cgi-bin/carddisp.pl?gene=CCL2
TGFB1,Transforming Growth Factor Beta 1,Protein Coding,P01137,61,GC19M041301,22.02168274,https://www.genecards.org/cgi-bin/carddisp.pl?gene=TGFB1
MEFV,"MEFV Innate Immunity Regulator, Pyrin",Protein Coding,O15553,53,GC16M020459,21.82527542,https://www.genecards.org/cgi-bin/carddisp.pl?gene=MEFV
IFNG,Interferon Gamma,Protein Coding,P01579,59,GC12M068154,21.70294189,https://www.genecards.org/cgi-bin/carddisp.pl?gene=IFNG
PTGS2,Prostaglandin-Endoperoxide Synthase 2,Protein Coding,P35354,58,GC01M186671,21.28832626,https://www.genecards.org/cgi-bin/carddisp.pl?gene=PTGS2
IL17A,Interleukin 17A,Protein Coding,Q16552,52,GC06P052186,21.08109093,https://www.genecards.org/cgi-bin/carddisp.pl?gene=IL17A
NFKB1,Nuclear Factor Kappa B Subunit 1,Protein Coding,P19838,61,GC04P102501,20.96146584,https://www.genecards.org/cgi-bin/carddisp.pl?gene=NFKB1
TLR2,Toll Like Receptor 2,Protein Coding,O60603,61,GC04P153684,20.19818878,https://www.genecards.org/cgi-bin/carddisp.pl?gene=TLR2
CTLA4,Cytotoxic T-Lymphocyte Associated Protein 4,Protein Coding,P16410,57,GC02P203866,19.82958221,https://www.genecards.org/cgi-bin/carddisp.pl?gene=CTLA4
IL4,Interleukin 4,Protein Coding,P05112,55,GC05P132673,19.63493347,https://www.genecards.org/cgi-bin/carddisp.pl?gene=IL4
IL13,Interleukin 13,Protein Coding,P35225,53,GC05P132656,19.55480576,https://www.genecards.org/cgi-bin/carddisp.pl?gene=IL13
HLA-DRB1,"Major Histocompatibility Complex, Class II, DR Beta 1",Protein Coding,P01911,55,GC06M093834,19.44565964,https://www.genecards.org/cgi-bin/carddisp.pl?gene=HLA-DRB1
HLA-B,"Major Histocompatibility Complex, Class I, B",Protein Coding,P01889,54,GC06M093738,19.18962479,https://www.genecards.org/cgi-bin/carddisp.pl?gene=HLA-B
LINC02605,Long Intergenic Non-Protein Coding RNA 2605,RNA Gene,,18,GC08P078838,19.05369759,https://www.genecards.org/cgi-bin/carddisp.pl?gene=LINC02605
ALB,Albumin,Protein Coding,P02768,58,GC04P073397,18.68146133,https://www.genecards.org/cgi-bin/carddisp.pl?gene=ALB
IL1RN,Interleukin 1 Receptor Antagonist,Protein Coding,P18510,59,GC02P143688,18.65689278,https://www.genecards.org/cgi-bin/carddisp.pl?gene=IL1RN
TNFRSF1A,TNF Receptor Superfamily Member 1A,Protein Coding,P19438,59,GC12M006328,18.36997604,https://www.genecards.org/cgi-bin/carddisp.pl?gene=TNFRSF1A
IL1A,Interleukin 1 Alpha,Protein Coding,P01583,54,GC02M112773,18.05611992,https://www.genecards.org/cgi-bin/carddisp.pl?gene=IL1A
ELANE,"Elastase, Neutrophil Expressed",Protein Coding,P08246,60,GC19P111819,17.98493195,https://www.genecards.org/cgi-bin/carddisp.pl?gene=ELANE
HMGB1,High Mobility Group Box 1,Protein Coding,P09429,57,GC13M030456,17.8819561,https://www.genecards.org/cgi-bin/carddisp.pl?gene=HMGB1
PRTN3,Proteinase 3,Protein Coding,P24158,54,GC19P000840,17.60287857,https://www.genecards.org/cgi-bin/carddisp.pl?gene=PRTN3
BDNF-AS,BDNF Antisense RNA,RNA Gene,,29,GC11P027466,17.09250832,https://www.genecards.org/cgi-bin/carddisp.pl?gene=BDNF-AS
IL18,Interleukin 18,Protein Coding,Q14116,53,GC11M112143,17.07401085,https://www.genecards.org/cgi-bin/carddisp.pl?gene=IL18
STAT3,Signal Transducer And Activator Of Transcription 3,Protein Coding,P40763,62,GC17M042313,17.00577164,https://www.genecards.org/cgi-bin/carddisp.pl?gene=STAT3
ICAM1,Intercellular Adhesion Molecule 1,Protein Coding,P05362,59,GC19P112296,16.92735481,https://www.genecards.org/cgi-bin/carddisp.pl?gene=ICAM1
MPO,Myeloperoxidase,Protein Coding,P05164,61,GC17M058269,16.87937355,https://www.genecards.org/cgi-bin/carddisp.pl?gene=MPO
H19,H19 Imprinted Maternally Expressed Transcript,RNA Gene,,34,GC11M001995,16.56778145,https://www.genecards.org/cgi-bin/carddisp.pl?gene=H19
SOD2-OT1,SOD2 Overlapping Transcript 1,RNA Gene,,18,GC06M159772,16.35082436,https://www.genecards.org/cgi-bin/carddisp.pl?gene=SOD2-OT1
MIR146A,MicroRNA 146a,RNA Gene,,29,GC05P160485,16.17589951,https://www.genecards.org/cgi-bin/carddisp.pl?gene=MIR146A
MIR155,MicroRNA 155,RNA Gene,,29,GC21P025573,15.5888958,https://www.genecards.org/cgi-bin/carddisp.pl?gene=MIR155
FAS,Fas Cell Surface Death Receptor,Protein Coding,P25445,59,GC10P109381,15.49536991,https://www.genecards.org/cgi-bin/carddisp.pl?gene=FAS
MIR21,MicroRNA 21,RNA Gene,,31,GC17P112757,15.42833233,https://www.genecards.org/cgi-bin/carddisp.pl?gene=MIR21
MMP9,Matrix Metallopeptidase 9,Protein Coding,P14780,62,GC20P046008,15.25952625,https://www.genecards.org/cgi-bin/carddisp.pl?gene=MMP9
ADIPOQ,"Adiponectin, C1Q And Collagen Domain Containing",Protein Coding,Q15848,55,GC03P186842,15.19220257,https://www.genecards.org/cgi-bin/carddisp.pl?gene=ADIPOQ
LINC01672,Long Intergenic Non-Protein Coding RNA 1672,RNA Gene,,19,GC01P020797,15.05035877,https://www.genecards.org/cgi-bin/carddisp.pl?gene=LINC01672
FASLG,Fas Ligand,Protein Coding,P48023,57,GC01P172659,14.64369774,https://www.genecards.org/cgi-bin/carddisp.pl?gene=FASLG
CERNA3,Competing Endogenous LncRNA 3 For MiR-645,RNA Gene,,19,GC08P056323,14.61521244,https://www.genecards.org/cgi-bin/carddisp.pl?gene=CERNA3
FOXP3,Forkhead Box P3,Protein Coding,Q9BZS1,56,GC0XM049250,14.58063793,https://www.genecards.org/cgi-bin/carddisp.pl?gene=FOXP3
VCAM1,Vascular Cell Adhesion Molecule 1,Protein Coding,P19320,55,GC01P100719,14.31930065,https://www.genecards.org/cgi-bin/carddisp.pl?gene=VCAM1
RNASE3,Ribonuclease A Family Member 3,Protein Coding,P12724,49,GC14P020891,14.26345539,https://www.genecards.org/cgi-bin/carddisp.pl?gene=RNASE3
MROCKI,MARCKS Cis Regulating LncRNA Promoter Of Cytokines And Inflammation,RNA Gene,,20,GC06M113869,14.2227726,https://www.genecards.org/cgi-bin/carddisp.pl?gene=MROCKI
TNFAIP3,TNF Alpha Induced Protein 3,Protein Coding,P21580,57,GC06P137866,14.21593285,https://www.genecards.org/cgi-bin/carddisp.pl?gene=TNFAIP3
PTPN22,Protein Tyrosine Phosphatase Non-Receptor Type 22,Protein Coding,Q9Y2R2,55,GC01M113813,14.16166306,https://www.genecards.org/cgi-bin/carddisp.pl?gene=PTPN22
RELA,"RELA Proto-Oncogene, NF-KB Subunit",Protein Coding,Q04206,60,GC11M065653,14.04313087,https://www.genecards.org/cgi-bin/carddisp.pl?gene=RELA
NFKBIA,NFKB Inhibitor Alpha,Protein Coding,P25963,59,GC14M035401,13.87139034,https://www.genecards.org/cgi-bin/carddisp.pl?gene=NFKBIA
MIF,Macrophage Migration Inhibitory Factor,Protein Coding,P14174,56,GC22P023894,13.84290123,https://www.genecards.org/cgi-bin/carddisp.pl?gene=MIF
IRAK1,Interleukin 1 Receptor Associated Kinase 1,Protein Coding,P51617,58,GC0XM154010,13.81781387,https://www.genecards.org/cgi-bin/carddisp.pl?gene=IRAK1
ITGAM,Integrin Subunit Alpha M,Protein Coding,P11215,56,GC16P081706,13.81068802,https://www.genecards.org/cgi-bin/carddisp.pl?gene=ITGAM
ILRUN,Inflammation And Lipid Regulator With UBA-Like And NBR1-Like Domains,Protein Coding,Q9H6K1,40,GC06M095308,13.79106522,https://www.genecards.org/cgi-bin/carddisp.pl?gene=ILRUN
SELE,Selectin E,Protein Coding,P16581,53,GC01M169722,13.60280895,https://www.genecards.org/cgi-bin/carddisp.pl?gene=SELE
IL5,Interleukin 5,Protein Coding,P05113,54,GC05M132541,13.56461525,https://www.genecards.org/cgi-bin/carddisp.pl?gene=IL5
MMP1,Matrix Metallopeptidase 1,Protein Coding,P03956,59,GC11M126178,13.51337433,https://www.genecards.org/cgi-bin/carddisp.pl?gene=MMP1
PPARG,Peroxisome Proliferator Activated Receptor Gamma,Protein Coding,P37231,61,GC03P012287,13.50055981,https://www.genecards.org/cgi-bin/carddisp.pl?gene=PPARG
CCL11,C-C Motif Chemokine Ligand 11,Protein Coding,P51671,54,GC17P034285,13.47349453,https://www.genecards.org/cgi-bin/carddisp.pl?gene=CCL11
IL2,Interleukin 2,Protein Coding,P60568,55,GC04M122451,13.43959236,https://www.genecards.org/cgi-bin/carddisp.pl?gene=IL2
CCL5,C-C Motif Chemokine Ligand 5,Protein Coding,P13501,52,GC17M035871,13.23046017,https://www.genecards.org/cgi-bin/carddisp.pl?gene=CCL5
RIPK1,Receptor Interacting Serine/Threonine Kinase 1,Protein Coding,Q13546,59,GC06P006449,12.9572401,https://www.genecards.org/cgi-bin/carddisp.pl?gene=RIPK1
TLR7,Toll Like Receptor 7,Protein Coding,Q9NYK1,57,GC0XP012867,12.91310215,https://www.genecards.org/cgi-bin/carddisp.pl?gene=TLR7
SMAD5-AS1,SMAD5 Antisense RNA 1,RNA Gene,Q9Y6J3,29,GC05M136129,12.90090466,https://www.genecards.org/cgi-bin/carddisp.pl?gene=SMAD5-AS1
TLR3,Toll Like Receptor 3,Protein Coding,O15455,60,GC04P186059,12.80971146,https://www.genecards.org/cgi-bin/carddisp.pl?gene=TLR3
INS,Insulin,Protein Coding,P01308,56,GC11M002159,12.797925,https://www.genecards.org/cgi-bin/carddisp.pl?gene=INS
IL37,Interleukin 37,Protein Coding,Q9NZH6,48,GC02P143683,12.77394485,https://www.genecards.org/cgi-bin/carddisp.pl?gene=IL37
IL23R,Interleukin 23 Receptor,Protein Coding,Q5VWK5,53,GC01P067138,12.7690506,https://www.genecards.org/cgi-bin/carddisp.pl?gene=IL23R
STAT4,Signal Transducer And Activator Of Transcription 4,Protein Coding,Q14765,55,GC02M191029,12.67458248,https://www.genecards.org/cgi-bin/carddisp.pl?gene=STAT4
CXCL10,C-X-C Motif Chemokine Ligand 10,Protein Coding,P02778,53,GC04M076021,12.63145351,https://www.genecards.org/cgi-bin/carddisp.pl?gene=CXCL10
SAA1,Serum Amyloid A1,Protein Coding,P0DJI8,47,GC11P019139,12.56142235,https://www.genecards.org/cgi-bin/carddisp.pl?gene=SAA1
MIR223,MicroRNA 223,RNA Gene,,29,GC0XP066018,12.5299511,https://www.genecards.org/cgi-bin/carddisp.pl?gene=MIR223
CSF2,Colony Stimulating Factor 2,Protein Coding,P04141,54,GC05P132073,12.52666283,https://www.genecards.org/cgi-bin/carddisp.pl?gene=CSF2
STAT1,Signal Transducer And Activator Of Transcription 1,Protein Coding,P42224,61,GC02M190908,12.50217152,https://www.genecards.org/cgi-bin/carddisp.pl?gene=STAT1
MIR146B,MicroRNA 146b,RNA Gene,,29,GC10P102436,12.46878815,https://www.genecards.org/cgi-bin/carddisp.pl?gene=MIR146B
IRF5,Interferon Regulatory Factor 5,Protein Coding,Q13568,55,GC07P128937,12.41352558,https://www.genecards.org/cgi-bin/carddisp.pl?gene=IRF5
CFTR,CF Transmembrane Conductance Regulator,Protein Coding,P13569,61,GC07P117287,12.35151863,https://www.genecards.org/cgi-bin/carddisp.pl?gene=CFTR
NOS2,Nitric Oxide Synthase 2,Protein Coding,P35228,58,GC17M027756,12.33022594,https://www.genecards.org/cgi-bin/carddisp.pl?gene=NOS2
CCR5,C-C Motif Chemokine Receptor 5,Protein Coding,P51681,56,GC03P057395,12.31090736,https://www.genecards.org/cgi-bin/carddisp.pl?gene=CCR5
IL1R1,Interleukin 1 Receptor Type 1,Protein Coding,P14778,56,GC02P102136,12.26288986,https://www.genecards.org/cgi-bin/carddisp.pl?gene=IL1R1
APOE,Apolipoprotein E,Protein Coding,P02649,59,GC19P113251,12.24869633,https://www.genecards.org/cgi-bin/carddisp.pl?gene=APOE
MYD88,MYD88 Innate Immune Signal Transduction Adaptor,Protein Coding,Q99836,57,GC03P038290,12.22298813,https://www.genecards.org/cgi-bin/carddisp.pl?gene=MYD88
PLG,Plasminogen,Protein Coding,P00747,58,GC06P160702,12.17212391,https://www.genecards.org/cgi-bin/carddisp.pl?gene=PLG
PGR-AS1,PGR Antisense RNA 1,RNA Gene,,18,GC11P101131,12.1395483,https://www.genecards.org/cgi-bin/carddisp.pl?gene=PGR-AS1
IKBKG,Inhibitor Of Nuclear Factor Kappa B Kinase Regulatory Subunit Gamma,Protein Coding,Q9Y6K9,56,GC0XP154541,11.91751957,https://www.genecards.org/cgi-bin/carddisp.pl?gene=IKBKG
RETN,Resistin,Protein Coding,Q9HD89,51,GC19P007669,11.91364288,https://www.genecards.org/cgi-bin/carddisp.pl?gene=RETN
LTA,Lymphotoxin Alpha,Protein Coding,P01374,52,GC06P134818,11.88262272,https://www.genecards.org/cgi-bin/carddisp.pl?gene=LTA
CD40LG,CD40 Ligand,Protein Coding,P29965,59,GC0XP136649,11.878685,https://www.genecards.org/cgi-bin/carddisp.pl?gene=CD40LG
OTULIN,OTU Deubiquitinase With Linear Linkage Specificity,Protein Coding,Q96BN8,48,GC05P014689,11.86854362,https://www.genecards.org/cgi-bin/carddisp.pl?gene=OTULIN
SPP1,Secreted Phosphoprotein 1,Protein Coding,P10451,54,GC04P087975,11.85653496,https://www.genecards.org/cgi-bin/carddisp.pl?gene=SPP1
CD4,CD4 Molecule,Protein Coding,P01730,59,GC12P006786,11.84400558,https://www.genecards.org/cgi-bin/carddisp.pl?gene=CD4
CCR1,C-C Motif Chemokine Receptor 1,Protein Coding,P32246,52,GC03M046218,11.78749847,https://www.genecards.org/cgi-bin/carddisp.pl?gene=CCR1
CASP1,Caspase 1,Protein Coding,P29466,58,GC11M105025,11.74625397,https://www.genecards.org/cgi-bin/carddisp.pl?gene=CASP1
IL10RA,Interleukin 10 Receptor Subunit Alpha,Protein Coding,Q13651,53,GC11P117993,11.73246956,https://www.genecards.org/cgi-bin/carddisp.pl?gene=IL10RA
STING1,Stimulator Of Interferon Response CGAMP Interactor 1,Protein Coding,Q86WV6,50,GC05M139492,11.70660019,https://www.genecards.org/cgi-bin/carddisp.pl?gene=STING1
AMANZI,A Master Non-Coding RNA Antagonizing Inflammation,RNA Gene,,2,GC02U913921,11.64604473,https://www.genecards.org/cgi-bin/carddisp.pl?gene=AMANZI
PSTPIP1,Proline-Serine-Threonine Phosphatase Interacting Protein 1,Protein Coding,O43586,53,GC15P076993,11.57175064,https://www.genecards.org/cgi-bin/carddisp.pl?gene=PSTPIP1
IFNGR1,Interferon Gamma Receptor 1,Protein Coding,P15260,60,GC06M137197,11.56202793,https://www.genecards.org/cgi-bin/carddisp.pl?gene=IFNGR1
SELP,Selectin P,Protein Coding,P16109,54,GC01M169558,11.49668312,https://www.genecards.org/cgi-bin/carddisp.pl?gene=SELP
PDCD1,Programmed Cell Death 1,Protein Coding,Q15116,56,GC02M241849,11.49143696,https://www.genecards.org/cgi-bin/carddisp.pl?gene=PDCD1
S100A9,S100 Calcium Binding Protein A9,Protein Coding,P06702,53,GC01P153357,11.45711422,https://www.genecards.org/cgi-bin/carddisp.pl?gene=S100A9
AKT1,AKT Serine/Threonine Kinase 1,Protein Coding,P31749,62,GC14M104769,11.43869972,https://www.genecards.org/cgi-bin/carddisp.pl?gene=AKT1
IL12A,Interleukin 12A,Protein Coding,P29459,52,GC03P159988,11.34727192,https://www.genecards.org/cgi-bin/carddisp.pl?gene=IL12A
TMX2-CTNND1,TMX2-CTNND1 Readthrough (NMD Candidate),RNA Gene,,23,GC11P057712,11.29502201,https://www.genecards.org/cgi-bin/carddisp.pl?gene=TMX2-CTNND1
ITGB2,Integrin Subunit Beta 2,Protein Coding,P05107,59,GC21M044885,11.28077221,https://www.genecards.org/cgi-bin/carddisp.pl?gene=ITGB2
JAK1,Janus Kinase 1,Protein Coding,P23458,62,GC01M064833,11.2320118,https://www.genecards.org/cgi-bin/carddisp.pl?gene=JAK1
HMOX1,Heme Oxygenase 1,Protein Coding,P09601,61,GC22P035380,11.2196331,https://www.genecards.org/cgi-bin/carddisp.pl?gene=HMOX1
CCL3,C-C Motif Chemokine Ligand 3,Protein Coding,P10147,50,GC17M036088,11.21514893,https://www.genecards.org/cgi-bin/carddisp.pl?gene=CCL3
MIR125A,MicroRNA 125a,RNA Gene,,29,GC19P113552,11.14612675,https://www.genecards.org/cgi-bin/carddisp.pl?gene=MIR125A
ALOX5,Arachidonate 5-Lipoxygenase,Protein Coding,P09917,57,GC10P045374,11.08510017,https://www.genecards.org/cgi-bin/carddisp.pl?gene=ALOX5
IL33,Interleukin 33,Protein Coding,O95760,48,GC09P009214,10.99939537,https://www.genecards.org/cgi-bin/carddisp.pl?gene=IL33
CYBB,Cytochrome B-245 Beta Chain,Protein Coding,P04839,58,GC0XP037780,10.97988129,https://www.genecards.org/cgi-bin/carddisp.pl?gene=CYBB
MAPK14,Mitogen-Activated Protein Kinase 14,Protein Coding,Q16539,60,GC06P134977,10.96555614,https://www.genecards.org/cgi-bin/carddisp.pl?gene=MAPK14
LEP,Leptin,Protein Coding,P41159,55,GC07P128241,10.94983292,https://www.genecards.org/cgi-bin/carddisp.pl?gene=LEP
CHI3L1,Chitinase 3 Like 1,Protein Coding,P36222,54,GC01M203148,10.93778515,https://www.genecards.org/cgi-bin/carddisp.pl?gene=CHI3L1
AGER,Advanced Glycosylation End-Product Specific Receptor,Protein Coding,Q15109,55,GC06M032180,10.93655968,https://www.genecards.org/cgi-bin/carddisp.pl?gene=AGER
IL10RB,Interleukin 10 Receptor Subunit Beta,Protein Coding,Q08334,53,GC21P033266,10.92203617,https://www.genecards.org/cgi-bin/carddisp.pl?gene=IL10RB
TP53,Tumor Protein P53,Protein Coding,P04637,62,GC17M007661,10.91628456,https://www.genecards.org/cgi-bin/carddisp.pl?gene=TP53
EGFR,Epidermal Growth Factor Receptor,Protein Coding,P00533,63,GC07P055019,10.86053753,https://www.genecards.org/cgi-bin/carddisp.pl?gene=EGFR
MAD1L1,Mitotic Arrest Deficient 1 Like 1,Protein Coding,Q9Y6D9,55,GC07M001815,10.82926369,https://www.genecards.org/cgi-bin/carddisp.pl?gene=MAD1L1
KNG1,Kininogen 1,Protein Coding,P01042,56,GC03P186717,10.82901478,https://www.genecards.org/cgi-bin/carddisp.pl?gene=KNG1
TLR9,Toll Like Receptor 9,Protein Coding,Q9NR96,54,GC03M053878,10.79430294,https://www.genecards.org/cgi-bin/carddisp.pl?gene=TLR9
NFE2L2,NFE2 Like BZIP Transcription Factor 2,Protein Coding,Q16236,60,GC02M177227,10.79400063,https://www.genecards.org/cgi-bin/carddisp.pl?gene=NFE2L2
ADA2,Adenosine Deaminase 2,Protein Coding,Q9NZK5,50,GC22M017316,10.78137684,https://www.genecards.org/cgi-bin/carddisp.pl?gene=ADA2
FLG,Filaggrin,Protein Coding,P20930,51,GC01M160856,10.77313519,https://www.genecards.org/cgi-bin/carddisp.pl?gene=FLG
C4A,Complement C4A (Chido/Rodgers Blood Group),Protein Coding,P0C0L4,52,GC06P134843,10.76861954,https://www.genecards.org/cgi-bin/carddisp.pl?gene=C4A
VEGFA,Vascular Endothelial Growth Factor A,Protein Coding,P15692,57,GC06P043770,10.71839333,https://www.genecards.org/cgi-bin/carddisp.pl?gene=VEGFA
F2,"Coagulation Factor II, Thrombin",Protein Coding,P00734,59,GC11P047736,10.64873314,https://www.genecards.org/cgi-bin/carddisp.pl?gene=F2
PIK3CG,"Phosphatidylinositol-4,5-Bisphosphate 3-Kinase Catalytic Subunit Gamma",Protein Coding,P48736,58,GC07P106865,10.6427269,https://www.genecards.org/cgi-bin/carddisp.pl?gene=PIK3CG
NLRP1,NLR Family Pyrin Domain Containing 1,Protein Coding,Q9C000,52,GC17M005499,10.56969166,https://www.genecards.org/cgi-bin/carddisp.pl?gene=NLRP1
PTX3,Pentraxin 3,Protein Coding,P26022,51,GC03P157436,10.55554485,https://www.genecards.org/cgi-bin/carddisp.pl?gene=PTX3
IL22,Interleukin 22,Protein Coding,Q9GZX6,51,GC12M068248,10.55150414,https://www.genecards.org/cgi-bin/carddisp.pl?gene=IL22
S100A8,S100 Calcium Binding Protein A8,Protein Coding,P05109,51,GC01M160881,10.54571629,https://www.genecards.org/cgi-bin/carddisp.pl?gene=S100A8
CD14,CD14 Molecule,Protein Coding,P08571,54,GC05M140631,10.50360394,https://www.genecards.org/cgi-bin/carddisp.pl?gene=CD14
SERPINE1,Serpin Family E Member 1,Protein Coding,P05121,59,GC07P101127,10.46713638,https://www.genecards.org/cgi-bin/carddisp.pl?gene=SERPINE1
SERPINA1,Serpin Family A Member 1,Protein Coding,P01009,58,GC14M094376,10.44494057,https://www.genecards.org/cgi-bin/carddisp.pl?gene=SERPINA1
CARD8,Caspase Recruitment Domain Family Member 8,Protein Coding,Q9Y2G2,47,GC19M093027,10.3423357,https://www.genecards.org/cgi-bin/carddisp.pl?gene=CARD8
MIR452,MicroRNA 452,RNA Gene,,23,GC0XM151959,10.32374096,https://www.genecards.org/cgi-bin/carddisp.pl?gene=MIR452
MIR126,MicroRNA 126,RNA Gene,,29,GC09P136670,10.29340935,https://www.genecards.org/cgi-bin/carddisp.pl?gene=MIR126
IL2RA,Interleukin 2 Receptor Subunit Alpha,Protein Coding,P01589,59,GC10M006010,10.26563072,https://www.genecards.org/cgi-bin/carddisp.pl?gene=IL2RA
IL12B,Interleukin 12B,Protein Coding,P29460,54,GC05M159314,10.24250031,https://www.genecards.org/cgi-bin/carddisp.pl?gene=IL12B
LTF,Lactotransferrin,Protein Coding,P02788,54,GC03M046435,10.23466682,https://www.genecards.org/cgi-bin/carddisp.pl?gene=LTF
CP,Ceruloplasmin,Protein Coding,P00450,57,GC03M149162,10.23293018,https://www.genecards.org/cgi-bin/carddisp.pl?gene=CP
TSLP,Thymic Stromal Lymphopoietin,Protein Coding,Q969D9,47,GC05P111070,10.19826317,https://www.genecards.org/cgi-bin/carddisp.pl?gene=TSLP
C3,Complement C3,Protein Coding,P01024,58,GC19M006677,10.19327736,https://www.genecards.org/cgi-bin/carddisp.pl?gene=C3
MALAT1,Metastasis Associated Lung Adenocarcinoma Transcript 1,RNA Gene,,32,GC11P089089,10.11364174,https://www.genecards.org/cgi-bin/carddisp.pl?gene=MALAT1
HLA-DPB1,"Major Histocompatibility Complex, Class II, DP Beta 1",Protein Coding,P04440,53,GC06P134859,10.09125233,https://www.genecards.org/cgi-bin/carddisp.pl?gene=HLA-DPB1
CXCL2,C-X-C Motif Chemokine Ligand 2,Protein Coding,P19875,48,GC04M074097,10.0891571,https://www.genecards.org/cgi-bin/carddisp.pl?gene=CXCL2
CBS,Cystathionine Beta-Synthase,Protein Coding,P35520,60,GC21M043053,10.05429554,https://www.genecards.org/cgi-bin/carddisp.pl?gene=CBS
LCN2,Lipocalin 2,Protein Coding,P80188,54,GC09P128149,10.0222559,https://www.genecards.org/cgi-bin/carddisp.pl?gene=LCN2
MIR122,MicroRNA 122,RNA Gene,,29,GC18P058451,9.959155083,https://www.genecards.org/cgi-bin/carddisp.pl?gene=MIR122
MVK,Mevalonate Kinase,Protein Coding,Q03426,55,GC12P109573,9.860881805,https://www.genecards.org/cgi-bin/carddisp.pl?gene=MVK
HP,Haptoglobin,Protein Coding,P00738,54,GC16P083106,9.853078842,https://www.genecards.org/cgi-bin/carddisp.pl?gene=HP
NLRP12,NLR Family Pyrin Domain Containing 12,Protein Coding,P59046,52,GC19M053793,9.847831726,https://www.genecards.org/cgi-bin/carddisp.pl?gene=NLRP12
TNIP1,TNFAIP3 Interacting Protein 1,Protein Coding,Q15025,47,GC05M151029,9.800052643,https://www.genecards.org/cgi-bin/carddisp.pl?gene=TNIP1
IKBKB,Inhibitor Of Nuclear Factor Kappa B Kinase Subunit Beta,Protein Coding,O14920,62,GC08P042271,9.774800301,https://www.genecards.org/cgi-bin/carddisp.pl?gene=IKBKB
DEFB4A,Defensin Beta 4A,Protein Coding,O15263,44,GC08P009676,9.767248154,https://www.genecards.org/cgi-bin/carddisp.pl?gene=DEFB4A
CXCL1,C-X-C Motif Chemokine Ligand 1,Protein Coding,P09341,52,GC04P073869,9.757665634,https://www.genecards.org/cgi-bin/carddisp.pl?gene=CXCL1
IL6ST,Interleukin 6 Cytokine Family Signal Transducer,Protein Coding,P40189,59,GC05M055935,9.739100456,https://www.genecards.org/cgi-bin/carddisp.pl?gene=IL6ST
MIR34A,MicroRNA 34a,RNA Gene,,29,GC01M014460,9.726638794,https://www.genecards.org/cgi-bin/carddisp.pl?gene=MIR34A
THBD,Thrombomodulin,Protein Coding,P07204,55,GC20M023026,9.717888832,https://www.genecards.org/cgi-bin/carddisp.pl?gene=THBD
ERAP1,Endoplasmic Reticulum Aminopeptidase 1,Protein Coding,Q9NZ08,53,GC05M096760,9.647127151,https://www.genecards.org/cgi-bin/carddisp.pl?gene=ERAP1
TRAF6,TNF Receptor Associated Factor 6,Protein Coding,Q9Y4K3,55,GC11M036467,9.638653755,https://www.genecards.org/cgi-bin/carddisp.pl?gene=TRAF6
TMEM67,Transmembrane Protein 67,Protein Coding,Q5HYA8,50,GC08P093754,9.631391525,https://www.genecards.org/cgi-bin/carddisp.pl?gene=TMEM67
SLPI,Secretory Leukocyte Peptidase Inhibitor,Protein Coding,P03973,50,GC20M045252,9.582975388,https://www.genecards.org/cgi-bin/carddisp.pl?gene=SLPI
SELL,Selectin L,Protein Coding,P14151,52,GC01M169690,9.562774658,https://www.genecards.org/cgi-bin/carddisp.pl?gene=SELL
PTGS1,Prostaglandin-Endoperoxide Synthase 1,Protein Coding,P23219,55,GC09P122370,9.527385712,https://www.genecards.org/cgi-bin/carddisp.pl?gene=PTGS1
CXCR3,C-X-C Motif Chemokine Receptor 3,Protein Coding,P49682,53,GC0XM071615,9.508173943,https://www.genecards.org/cgi-bin/carddisp.pl?gene=CXCR3
IRGM,Immunity Related GTPase M,Protein Coding,A1A4Y4,44,GC05P150846,9.491958618,https://www.genecards.org/cgi-bin/carddisp.pl?gene=IRGM
CIITA,Class II Major Histocompatibility Complex Transactivator,Protein Coding,P33076,53,GC16P080655,9.486777306,https://www.genecards.org/cgi-bin/carddisp.pl?gene=CIITA
ABCB1,ATP Binding Cassette Subfamily B Member 1,Protein Coding,P08183,60,GC07M087504,9.462788582,https://www.genecards.org/cgi-bin/carddisp.pl?gene=ABCB1
CSF3,Colony Stimulating Factor 3,Protein Coding,P09919,50,GC17P040015,9.42648983,https://www.genecards.org/cgi-bin/carddisp.pl?gene=CSF3
MEG3,Maternally Expressed 3,RNA Gene,,34,GC14P116735,9.415782928,https://www.genecards.org/cgi-bin/carddisp.pl?gene=MEG3
MIR17,MicroRNA 17,RNA Gene,,26,GC13P091350,9.372000694,https://www.genecards.org/cgi-bin/carddisp.pl?gene=MIR17
FCGR2A,Fc Gamma Receptor IIa,Protein Coding,P12318,56,GC01P161505,9.363215446,https://www.genecards.org/cgi-bin/carddisp.pl?gene=FCGR2A
ACE,Angiotensin I Converting Enzyme,Protein Coding,P12821,60,GC17P063477,9.331313133,https://www.genecards.org/cgi-bin/carddisp.pl?gene=ACE
MMP3,Matrix Metallopeptidase 3,Protein Coding,P08254,59,GC11M102835,9.327701569,https://www.genecards.org/cgi-bin/carddisp.pl?gene=MMP3
IL36RN,Interleukin 36 Receptor Antagonist,Protein Coding,Q9UBH0,51,GC02P143687,9.323500633,https://www.genecards.org/cgi-bin/carddisp.pl?gene=IL36RN
PPARA,Peroxisome Proliferator Activated Receptor Alpha,Protein Coding,Q07869,53,GC22P046150,9.318964958,https://www.genecards.org/cgi-bin/carddisp.pl?gene=PPARA
UBA1,Ubiquitin Like Modifier Activating Enzyme 1,Protein Coding,P22314,57,GC0XP047190,9.31731987,https://www.genecards.org/cgi-bin/carddisp.pl?gene=UBA1
PIK3CD,"Phosphatidylinositol-4,5-Bisphosphate 3-Kinase Catalytic Subunit Delta",Protein Coding,O00329,61,GC01P039534,9.280757904,https://www.genecards.org/cgi-bin/carddisp.pl?gene=PIK3CD
SOCS1,Suppressor Of Cytokine Signaling 1,Protein Coding,O15524,54,GC16M020752,9.265459061,https://www.genecards.org/cgi-bin/carddisp.pl?gene=SOCS1
CDKN2B-AS1,CDKN2B Antisense RNA 1,RNA Gene,,31,GC09P021994,9.183422089,https://www.genecards.org/cgi-bin/carddisp.pl?gene=CDKN2B-AS1
MIR221,MicroRNA 221,RNA Gene,,27,GC0XM045746,9.140426636,https://www.genecards.org/cgi-bin/carddisp.pl?gene=MIR221
NFKB2,Nuclear Factor Kappa B Subunit 2,Protein Coding,Q00653,60,GC10P102394,9.139372826,https://www.genecards.org/cgi-bin/carddisp.pl?gene=NFKB2
MMP2,Matrix Metallopeptidase 2,Protein Coding,P08253,61,GC16P082389,9.107023239,https://www.genecards.org/cgi-bin/carddisp.pl?gene=MMP2
TREX1,Three Prime Repair Exonuclease 1,Protein Coding,Q9NSU2,51,GC03P057594,9.104178429,https://www.genecards.org/cgi-bin/carddisp.pl?gene=TREX1
IL12RB1,Interleukin 12 Receptor Subunit Beta 1,Protein Coding,P42701,54,GC19M018058,9.093747139,https://www.genecards.org/cgi-bin/carddisp.pl?gene=IL12RB1
NLRC4,NLR Family CARD Domain Containing 4,Protein Coding,Q9NPP4,52,GC02M032224,9.088075638,https://www.genecards.org/cgi-bin/carddisp.pl?gene=NLRC4
ABCD1,ATP Binding Cassette Subfamily D Member 1,Protein Coding,P33897,54,GC0XP153724,9.059315681,https://www.genecards.org/cgi-bin/carddisp.pl?gene=ABCD1
TTR,Transthyretin,Protein Coding,P02766,57,GC18P031557,9.052681923,https://www.genecards.org/cgi-bin/carddisp.pl?gene=TTR
NR1H4,Nuclear Receptor Subfamily 1 Group H Member 4,Protein Coding,Q96RI1,56,GC12P100473,9.028544426,https://www.genecards.org/cgi-bin/carddisp.pl?gene=NR1H4
MIR7-3HG,MIR7-3 Host Gene,RNA Gene,Q8N6C7,34,GC19P112015,9.01017952,https://www.genecards.org/cgi-bin/carddisp.pl?gene=MIR7-3HG
NOD1,Nucleotide Binding Oligomerization Domain Containing 1,Protein Coding,Q9Y239,51,GC07M030424,8.979596138,https://www.genecards.org/cgi-bin/carddisp.pl?gene=NOD1
TNFRSF1B,TNF Receptor Superfamily Member 1B,Protein Coding,P20333,57,GC01P040409,8.972964287,https://www.genecards.org/cgi-bin/carddisp.pl?gene=TNFRSF1B
IFIH1,Interferon Induced With Helicase C Domain 1,Protein Coding,Q9BYX4,57,GC02M162267,8.960605621,https://www.genecards.org/cgi-bin/carddisp.pl?gene=IFIH1
PIK3CA,"Phosphatidylinositol-4,5-Bisphosphate 3-Kinase Catalytic Subunit Alpha",Protein Coding,P42336,61,GC03P179148,8.792510033,https://www.genecards.org/cgi-bin/carddisp.pl?gene=PIK3CA
MIR142,MicroRNA 142,RNA Gene,,29,GC17M058331,8.779359818,https://www.genecards.org/cgi-bin/carddisp.pl?gene=MIR142
CTNNB1,Catenin Beta 1,Protein Coding,P35222,62,GC03P041194,8.714902878,https://www.genecards.org/cgi-bin/carddisp.pl?gene=CTNNB1
LMNA,Lamin A/C,Protein Coding,P02545,58,GC01P156082,8.704419136,https://www.genecards.org/cgi-bin/carddisp.pl?gene=LMNA
MIR214,MicroRNA 214,RNA Gene,,29,GC01M172234,8.694404602,https://www.genecards.org/cgi-bin/carddisp.pl?gene=MIR214
MTOR,Mechanistic Target Of Rapamycin Kinase,Protein Coding,P42345,64,GC01M011106,8.679201126,https://www.genecards.org/cgi-bin/carddisp.pl?gene=MTOR
MBL2,Mannose Binding Lectin 2,Protein Coding,P11226,55,GC10M052760,8.654418945,https://www.genecards.org/cgi-bin/carddisp.pl?gene=MBL2
GPT,Glutamic--Pyruvic Transaminase,Protein Coding,P24298,51,GC08P144502,8.654202461,https://www.genecards.org/cgi-bin/carddisp.pl?gene=GPT
IL17RA,Interleukin 17 Receptor A,Protein Coding,Q96F46,55,GC22P069829,8.637803078,https://www.genecards.org/cgi-bin/carddisp.pl?gene=IL17RA
CCL4,C-C Motif Chemokine Ligand 4,Protein Coding,P13236,50,GC17P036103,8.635140419,https://www.genecards.org/cgi-bin/carddisp.pl?gene=CCL4
GAS5,Growth Arrest Specific 5,RNA Gene,,31,GC01M173947,8.608309746,https://www.genecards.org/cgi-bin/carddisp.pl?gene=GAS5
TLR1,Toll Like Receptor 1,Protein Coding,Q15399,57,GC04M038793,8.589939117,https://www.genecards.org/cgi-bin/carddisp.pl?gene=TLR1
IL4R,Interleukin 4 Receptor,Protein Coding,P24394,55,GC16P081249,8.544589996,https://www.genecards.org/cgi-bin/carddisp.pl?gene=IL4R
LOC126862264,CDK7 Strongly-Dependent Group 2 Enhancer GRCh37_chr16:3293322-3294521,Functional Element,,9,GC16P084581,8.520367622,https://www.genecards.org/cgi-bin/carddisp.pl?gene=LOC126862264
MIR199A1,MicroRNA 199a-1,RNA Gene,,26,GC19M010817,8.491323471,https://www.genecards.org/cgi-bin/carddisp.pl?gene=MIR199A1
CYBA,Cytochrome B-245 Alpha Chain,Protein Coding,P13498,55,GC16M088643,8.484347343,https://www.genecards.org/cgi-bin/carddisp.pl?gene=CYBA
IL1RAPL2,Interleukin 1 Receptor Accessory Protein Like 2,Protein Coding,Q9NP60,48,GC0XP104566,8.476874352,https://www.genecards.org/cgi-bin/carddisp.pl?gene=IL1RAPL2
VWF,Von Willebrand Factor,Protein Coding,P04275,56,GC12M029229,8.469612122,https://www.genecards.org/cgi-bin/carddisp.pl?gene=VWF
MIR30A,MicroRNA 30a,RNA Gene,,26,GC06M071403,8.444417953,https://www.genecards.org/cgi-bin/carddisp.pl?gene=MIR30A
DNASE1,Deoxyribonuclease 1,Protein Coding,P24855,53,GC16P003611,8.402347565,https://www.genecards.org/cgi-bin/carddisp.pl?gene=DNASE1
XIST,X Inactive Specific Transcript,RNA Gene,,31,GC0XM073820,8.393326759,https://www.genecards.org/cgi-bin/carddisp.pl?gene=XIST
MIR222,MicroRNA 222,RNA Gene,,27,GC0XM045747,8.352733612,https://www.genecards.org/cgi-bin/carddisp.pl?gene=MIR222
IFNA1,Interferon Alpha 1,Protein Coding,P01562,48,GC09P021770,8.316290855,https://www.genecards.org/cgi-bin/carddisp.pl?gene=IFNA1
NCF1,Neutrophil Cytosolic Factor 1,Protein Coding,P14598,55,GC07P086277,8.311618805,https://www.genecards.org/cgi-bin/carddisp.pl?gene=NCF1
C4B,Complement C4B (Chido/Rodgers Blood Group),Protein Coding,P0C0L5,51,GC06P032014,8.30200386,https://www.genecards.org/cgi-bin/carddisp.pl?gene=C4B
MIR150,MicroRNA 150,RNA Gene,,29,GC19M049500,8.301309586,https://www.genecards.org/cgi-bin/carddisp.pl?gene=MIR150
CYBC1,Cytochrome B-245 Chaperone 1,Protein Coding,Q9BQA9,41,GC17M082931,8.279577255,https://www.genecards.org/cgi-bin/carddisp.pl?gene=CYBC1
TNFSF11,TNF Superfamily Member 11,Protein Coding,O14788,58,GC13P042562,8.264291763,https://www.genecards.org/cgi-bin/carddisp.pl?gene=TNFSF11
SRC,"SRC Proto-Oncogene, Non-Receptor Tyrosine Kinase",Protein Coding,P12931,60,GC20P037344,8.239702225,https://www.genecards.org/cgi-bin/carddisp.pl?gene=SRC
MIR132,MicroRNA 132,RNA Gene,,29,GC17M002049,8.202471733,https://www.genecards.org/cgi-bin/carddisp.pl?gene=MIR132
FCGR3B,Fc Gamma Receptor IIIb,Protein Coding,O75015,52,GC01M161623,8.202312469,https://www.genecards.org/cgi-bin/carddisp.pl?gene=FCGR3B
CREBBP,CREB Binding Protein,Protein Coding,Q92793,62,GC16M020489,8.197144508,https://www.genecards.org/cgi-bin/carddisp.pl?gene=CREBBP
HLA-DPA1,"Major Histocompatibility Complex, Class II, DP Alpha 1",Protein Coding,P20036,49,GC06M033064,8.185461044,https://www.genecards.org/cgi-bin/carddisp.pl?gene=HLA-DPA1
F2RL1,F2R Like Trypsin Receptor 1,Protein Coding,P55085,53,GC05P076818,8.154419899,https://www.genecards.org/cgi-bin/carddisp.pl?gene=F2RL1
CD274,CD274 Molecule,Protein Coding,Q9NZQ7,54,GC09P005450,8.153817177,https://www.genecards.org/cgi-bin/carddisp.pl?gene=CD274
SLC22A4,Solute Carrier Family 22 Member 4,Protein Coding,Q9H015,53,GC05P132294,8.153202057,https://www.genecards.org/cgi-bin/carddisp.pl?gene=SLC22A4
ANXA1,Annexin A1,Protein Coding,P04083,55,GC09P073151,8.120635986,https://www.genecards.org/cgi-bin/carddisp.pl?gene=ANXA1
MIR483,MicroRNA 483,RNA Gene,,27,GC11M011909,8.105168343,https://www.genecards.org/cgi-bin/carddisp.pl?gene=MIR483
F3,"Coagulation Factor III, Tissue Factor",Protein Coding,P13726,54,GC01M094873,8.096884727,https://www.genecards.org/cgi-bin/carddisp.pl?gene=F3
MIRLET7C,MicroRNA Let-7c,RNA Gene,,29,GC21P018103,8.096420288,https://www.genecards.org/cgi-bin/carddisp.pl?gene=MIRLET7C
ACE2,Angiotensin Converting Enzyme 2,Protein Coding,Q9BYF1,58,GC0XM015494,8.079686165,https://www.genecards.org/cgi-bin/carddisp.pl?gene=ACE2
CD40,CD40 Molecule,Protein Coding,P25942,59,GC20P046118,8.061956406,https://www.genecards.org/cgi-bin/carddisp.pl?gene=CD40
NCF4,Neutrophil Cytosolic Factor 4,Protein Coding,Q15080,55,GC22P036860,8.060929298,https://www.genecards.org/cgi-bin/carddisp.pl?gene=NCF4
FPR2,Formyl Peptide Receptor 2,Protein Coding,P25090,54,GC19P051752,8.052907944,https://www.genecards.org/cgi-bin/carddisp.pl?gene=FPR2
IL2RB,Interleukin 2 Receptor Subunit Beta,Protein Coding,P14784,59,GC22M077093,8.043420792,https://www.genecards.org/cgi-bin/carddisp.pl?gene=IL2RB
MIR494,MicroRNA 494,RNA Gene,,24,GC14P116771,8.03813839,https://www.genecards.org/cgi-bin/carddisp.pl?gene=MIR494
CD8A,CD8 Subunit Alpha,Protein Coding,P01732,56,GC02M086784,8.017273903,https://www.genecards.org/cgi-bin/carddisp.pl?gene=CD8A
HSPD1,Heat Shock Protein Family D (Hsp60) Member 1,Protein Coding,P10809,58,GC02M197486,8.01192379,https://www.genecards.org/cgi-bin/carddisp.pl?gene=HSPD1
IFNB1,Interferon Beta 1,Protein Coding,P01574,52,GC09M021077,7.99324131,https://www.genecards.org/cgi-bin/carddisp.pl?gene=IFNB1
TF,Transferrin,Protein Coding,P02787,59,GC03P139072,7.976415157,https://www.genecards.org/cgi-bin/carddisp.pl?gene=TF
MIR125B1,MicroRNA 125b-1,RNA Gene,,29,GC11M126625,7.971542835,https://www.genecards.org/cgi-bin/carddisp.pl?gene=MIR125B1
PLA2G7,Phospholipase A2 Group VII,Protein Coding,Q13093,59,GC06M046704,7.964818954,https://www.genecards.org/cgi-bin/carddisp.pl?gene=PLA2G7
ELF4,E74 Like ETS Transcription Factor 4,Protein Coding,Q99607,48,GC0XM130064,7.958999157,https://www.genecards.org/cgi-bin/carddisp.pl?gene=ELF4
PWAR1,Prader Willi/Angelman Region RNA 1,RNA Gene,,22,GC15P025135,7.956854343,https://www.genecards.org/cgi-bin/carddisp.pl?gene=PWAR1
IL17F,Interleukin 17F,Protein Coding,Q96PD4,51,GC06M094117,7.952050209,https://www.genecards.org/cgi-bin/carddisp.pl?gene=IL17F
IL6R,Interleukin 6 Receptor,Protein Coding,P08887,59,GC01P154405,7.946340561,https://www.genecards.org/cgi-bin/carddisp.pl?gene=IL6R
TGFB2,Transforming Growth Factor Beta 2,Protein Coding,P61812,60,GC01P218345,7.925997734,https://www.genecards.org/cgi-bin/carddisp.pl?gene=TGFB2
CCR3,C-C Motif Chemokine Receptor 3,Protein Coding,P51677,54,GC03P057390,7.91354847,https://www.genecards.org/cgi-bin/carddisp.pl?gene=CCR3
BDNF,Brain Derived Neurotrophic Factor,Protein Coding,P23560,58,GC11M027654,7.907958031,https://www.genecards.org/cgi-bin/carddisp.pl?gene=BDNF
IRAK3,Interleukin 1 Receptor Associated Kinase 3,Protein Coding,Q9Y616,55,GC12P066516,7.880990028,https://www.genecards.org/cgi-bin/carddisp.pl?gene=IRAK3
TIMP1,TIMP Metallopeptidase Inhibitor 1,Protein Coding,P01033,54,GC0XP057483,7.866993904,https://www.genecards.org/cgi-bin/carddisp.pl?gene=TIMP1
CD163,CD163 Molecule,Protein Coding,Q86VB7,53,GC12M029352,7.854372025,https://www.genecards.org/cgi-bin/carddisp.pl?gene=CD163
EPX,Eosinophil Peroxidase,Protein Coding,P11678,53,GC17P058192,7.842457294,https://www.genecards.org/cgi-bin/carddisp.pl?gene=EPX
CTSG,Cathepsin G,Protein Coding,P08311,53,GC14M024573,7.819534302,https://www.genecards.org/cgi-bin/carddisp.pl?gene=CTSG
CXCL12,C-X-C Motif Chemokine Ligand 12,Protein Coding,P48061,54,GC10M044370,7.788291454,https://www.genecards.org/cgi-bin/carddisp.pl?gene=CXCL12
CXCL9,C-X-C Motif Chemokine Ligand 9,Protein Coding,Q07325,48,GC04M076001,7.783516407,https://www.genecards.org/cgi-bin/carddisp.pl?gene=CXCL9
ADAM17,ADAM Metallopeptidase Domain 17,Protein Coding,P78536,59,GC02M009488,7.775833607,https://www.genecards.org/cgi-bin/carddisp.pl?gene=ADAM17
TNNT2,"Troponin T2, Cardiac Type",Protein Coding,P45379,56,GC01M201359,7.752543926,https://www.genecards.org/cgi-bin/carddisp.pl?gene=TNNT2
IGHE,Immunoglobulin Heavy Constant Epsilon,Protein Coding,P01854,40,GC14M119997,7.740945816,https://www.genecards.org/cgi-bin/carddisp.pl?gene=IGHE
TLR6,Toll Like Receptor 6,Protein Coding,Q9Y2C9,54,GC04M038828,7.727498055,https://www.genecards.org/cgi-bin/carddisp.pl?gene=TLR6
TAC1,Tachykinin Precursor 1,Protein Coding,P20366,50,GC07P097734,7.685650349,https://www.genecards.org/cgi-bin/carddisp.pl?gene=TAC1
PLA2G2A,Phospholipase A2 Group IIA,Protein Coding,P14555,55,GC01M019975,7.682742119,https://www.genecards.org/cgi-bin/carddisp.pl?gene=PLA2G2A
LINC-ROR,"Long Intergenic Non-Protein Coding RNA, Regulator Of Reprogramming",RNA Gene,,23,GC18M057054,7.681615353,https://www.genecards.org/cgi-bin/carddisp.pl?gene=LINC-ROR
TLR8,Toll Like Receptor 8,Protein Coding,Q9NR97,58,GC0XP012924,7.667901993,https://www.genecards.org/cgi-bin/carddisp.pl?gene=TLR8
ZEB1,Zinc Finger E-Box Binding Homeobox 1,Protein Coding,P37275,57,GC10P031318,7.651995182,https://www.genecards.org/cgi-bin/carddisp.pl?gene=ZEB1
NAMPT,Nicotinamide Phosphoribosyltransferase,Protein Coding,P43490,55,GC07M106248,7.608108997,https://www.genecards.org/cgi-bin/carddisp.pl?gene=NAMPT
MST1,Macrophage Stimulating 1,Protein Coding,P26927,53,GC03M049683,7.601249218,https://www.genecards.org/cgi-bin/carddisp.pl?gene=MST1
CCL20,C-C Motif Chemokine Ligand 20,Protein Coding,P78556,51,GC02P227846,7.572256565,https://www.genecards.org/cgi-bin/carddisp.pl?gene=CCL20
CASP3,Caspase 3,Protein Coding,P42574,58,GC04M184627,7.571370602,https://www.genecards.org/cgi-bin/carddisp.pl?gene=CASP3
MMP8,Matrix Metallopeptidase 8,Protein Coding,P22894,56,GC11M126172,7.563620567,https://www.genecards.org/cgi-bin/carddisp.pl?gene=MMP8
IL15,Interleukin 15,Protein Coding,P40933,52,GC04P141636,7.5489645,https://www.genecards.org/cgi-bin/carddisp.pl?gene=IL15
GZMB,Granzyme B,Protein Coding,P10144,56,GC14M024630,7.540518284,https://www.genecards.org/cgi-bin/carddisp.pl?gene=GZMB
TNFSF15,TNF Superfamily Member 15,Protein Coding,O95150,52,GC09M114784,7.539305687,https://www.genecards.org/cgi-bin/carddisp.pl?gene=TNFSF15
CX3CR1,C-X3-C Motif Chemokine Receptor 1,Protein Coding,P49238,53,GC03M039279,7.50556469,https://www.genecards.org/cgi-bin/carddisp.pl?gene=CX3CR1
TNFSF4,TNF Superfamily Member 4,Protein Coding,P23510,51,GC01M173183,7.494237423,https://www.genecards.org/cgi-bin/carddisp.pl?gene=TNFSF4
MAPK1,Mitogen-Activated Protein Kinase 1,Protein Coding,P28482,61,GC22M021759,7.476501465,https://www.genecards.org/cgi-bin/carddisp.pl?gene=MAPK1
NR3C1,Nuclear Receptor Subfamily 3 Group C Member 1,Protein Coding,P04150,58,GC05M143277,7.476448059,https://www.genecards.org/cgi-bin/carddisp.pl?gene=NR3C1
CHUK,Component Of Inhibitor Of Nuclear Factor Kappa B Kinase Complex,Protein Coding,O15111,59,GC10M100415,7.445478916,https://www.genecards.org/cgi-bin/carddisp.pl?gene=CHUK
MIR27A,MicroRNA 27a,RNA Gene,,30,GC19M092209,7.44464016,https://www.genecards.org/cgi-bin/carddisp.pl?gene=MIR27A
LPL,Lipoprotein Lipase,Protein Coding,P06858,59,GC08P019901,7.444036484,https://www.genecards.org/cgi-bin/carddisp.pl?gene=LPL
TNFRSF11B,TNF Receptor Superfamily Member 11b,Protein Coding,O00300,56,GC08M118923,7.421813965,https://www.genecards.org/cgi-bin/carddisp.pl?gene=TNFRSF11B
MIR210,MicroRNA 210,RNA Gene,,28,GC11M011821,7.417457104,https://www.genecards.org/cgi-bin/carddisp.pl?gene=MIR210
SPINK1,Serine Peptidase Inhibitor Kazal Type 1,Protein Coding,P00995,51,GC05M147825,7.417318344,https://www.genecards.org/cgi-bin/carddisp.pl?gene=SPINK1
GPR35,G Protein-Coupled Receptor 35,Protein Coding,Q9HC97,51,GC02P240605,7.408010006,https://www.genecards.org/cgi-bin/carddisp.pl?gene=GPR35
JUN,"Jun Proto-Oncogene, AP-1 Transcription Factor Subunit",Protein Coding,P05412,58,GC01M058780,7.395067215,https://www.genecards.org/cgi-bin/carddisp.pl?gene=JUN
HFE,Homeostatic Iron Regulator,Protein Coding,Q30201,54,GC06P026087,7.394684315,https://www.genecards.org/cgi-bin/carddisp.pl?gene=HFE
CASP8,Caspase 8,Protein Coding,Q14790,61,GC02P201233,7.393470764,https://www.genecards.org/cgi-bin/carddisp.pl?gene=CASP8
LBP,Lipopolysaccharide Binding Protein,Protein Coding,P18428,52,GC20P038346,7.391951084,https://www.genecards.org/cgi-bin/carddisp.pl?gene=LBP
TNNI3,"Troponin I3, Cardiac Type",Protein Coding,P19429,57,GC19M055151,7.385069847,https://www.genecards.org/cgi-bin/carddisp.pl?gene=TNNI3
TLR5,Toll Like Receptor 5,Protein Coding,O60602,55,GC01M223109,7.374025822,https://www.genecards.org/cgi-bin/carddisp.pl?gene=TLR5
NEAT1,Nuclear Paraspeckle Assembly Transcript 1,RNA Gene,,32,GC11P089078,7.373708725,https://www.genecards.org/cgi-bin/carddisp.pl?gene=NEAT1
PLAT,"Plasminogen Activator, Tissue Type",Protein Coding,P00750,58,GC08M042174,7.355491638,https://www.genecards.org/cgi-bin/carddisp.pl?gene=PLAT
PADI4,Peptidyl Arginine Deiminase 4,Protein Coding,Q9UM07,54,GC01P017308,7.352677822,https://www.genecards.org/cgi-bin/carddisp.pl?gene=PADI4
PRKCD,Protein Kinase C Delta,Protein Coding,Q05655,60,GC03P053156,7.346162796,https://www.genecards.org/cgi-bin/carddisp.pl?gene=PRKCD
ETS1,"ETS Proto-Oncogene 1, Transcription Factor",Protein Coding,P14921,56,GC11M128458,7.339154243,https://www.genecards.org/cgi-bin/carddisp.pl?gene=ETS1
REL,"REL Proto-Oncogene, NF-KB Subunit",Protein Coding,Q04864,55,GC02P060881,7.316862106,https://www.genecards.org/cgi-bin/carddisp.pl?gene=REL
SCGB1A1,Secretoglobin Family 1A Member 1,Protein Coding,P11684,50,GC11P062405,7.294668198,https://www.genecards.org/cgi-bin/carddisp.pl?gene=SCGB1A1
IRAK4,Interleukin 1 Receptor Associated Kinase 4,Protein Coding,Q9NWZ3,58,GC12P043758,7.281391621,https://www.genecards.org/cgi-bin/carddisp.pl?gene=IRAK4
CCR7,C-C Motif Chemokine Receptor 7,Protein Coding,P32248,53,GC17M077631,7.280863762,https://www.genecards.org/cgi-bin/carddisp.pl?gene=CCR7
CXCR2,C-X-C Motif Chemokine Receptor 2,Protein Coding,P25025,59,GC02P218125,7.274113178,https://www.genecards.org/cgi-bin/carddisp.pl?gene=CXCR2
NGF,Nerve Growth Factor,Protein Coding,P01138,60,GC01M115285,7.262832642,https://www.genecards.org/cgi-bin/carddisp.pl?gene=NGF
PON1,Paraoxonase 1,Protein Coding,P27169,56,GC07M095297,7.256416798,https://www.genecards.org/cgi-bin/carddisp.pl?gene=PON1
DNASE1L3,Deoxyribonuclease 1 Like 3,Protein Coding,Q13609,51,GC03M058192,7.251494884,https://www.genecards.org/cgi-bin/carddisp.pl?gene=DNASE1L3
SERPINC1,Serpin Family C Member 1,Protein Coding,P01008,59,GC01M174949,7.249801159,https://www.genecards.org/cgi-bin/carddisp.pl?gene=SERPINC1
NCF2,Neutrophil Cytosolic Factor 2,Protein Coding,P19878,54,GC01M185801,7.240310192,https://www.genecards.org/cgi-bin/carddisp.pl?gene=NCF2
MIR140,MicroRNA 140,RNA Gene,,31,GC16P083017,7.228760719,https://www.genecards.org/cgi-bin/carddisp.pl?gene=MIR140
CXCR4,C-X-C Motif Chemokine Receptor 4,Protein Coding,P61073,61,GC02M136114,7.222115517,https://www.genecards.org/cgi-bin/carddisp.pl?gene=CXCR4
EDN1,Endothelin 1,Protein Coding,P05305,58,GC06P012236,7.219728947,https://www.genecards.org/cgi-bin/carddisp.pl?gene=EDN1
CD79A,CD79a Molecule,Protein Coding,P11912,56,GC19P041877,7.209668636,https://www.genecards.org/cgi-bin/carddisp.pl?gene=CD79A
RBP4,Retinol Binding Protein 4,Protein Coding,P02753,54,GC10M093591,7.2062397,https://www.genecards.org/cgi-bin/carddisp.pl?gene=RBP4
SOCS3,Suppressor Of Cytokine Signaling 3,Protein Coding,O14543,52,GC17M078356,7.182671547,https://www.genecards.org/cgi-bin/carddisp.pl?gene=SOCS3
PYCARD,PYD And CARD Domain Containing,Protein Coding,Q9ULZ3,51,GC16M031201,7.172058105,https://www.genecards.org/cgi-bin/carddisp.pl?gene=PYCARD
COX5A,Cytochrome C Oxidase Subunit 5A,Protein Coding,P20674,53,GC15M074919,7.156590462,https://www.genecards.org/cgi-bin/carddisp.pl?gene=COX5A
MIR20A,MicroRNA 20a,RNA Gene,,27,GC13P091681,7.130771637,https://www.genecards.org/cgi-bin/carddisp.pl?gene=MIR20A
IL9,Interleukin 9,Protein Coding,P15248,52,GC05M135891,7.12587595,https://www.genecards.org/cgi-bin/carddisp.pl?gene=IL9
PTEN,Phosphatase And Tensin Homolog,Protein Coding,P60484,61,GC10P109367,7.114805698,https://www.genecards.org/cgi-bin/carddisp.pl?gene=PTEN
XIAP,X-Linked Inhibitor Of Apoptosis,Protein Coding,P98170,60,GC0XP123859,7.102228165,https://www.genecards.org/cgi-bin/carddisp.pl?gene=XIAP
VDR,Vitamin D Receptor,Protein Coding,P11473,57,GC12M047841,7.088224888,https://www.genecards.org/cgi-bin/carddisp.pl?gene=VDR
HLA-DQB1,"Major Histocompatibility Complex, Class II, DQ Beta 1",Protein Coding,P01920,52,GC06M093843,7.07178545,https://www.genecards.org/cgi-bin/carddisp.pl?gene=HLA-DQB1
ADAR,Adenosine Deaminase RNA Specific,Protein Coding,P55265,54,GC01M160957,7.043494225,https://www.genecards.org/cgi-bin/carddisp.pl?gene=ADAR
RBCK1,RANBP2-Type And C3HC4-Type Zinc Finger Containing 1,Protein Coding,Q9BYM8,50,GC20P000407,7.042482376,https://www.genecards.org/cgi-bin/carddisp.pl?gene=RBCK1
HIF1A,Hypoxia Inducible Factor 1 Subunit Alpha,Protein Coding,Q16665,57,GC14P061695,7.038859367,https://www.genecards.org/cgi-bin/carddisp.pl?gene=HIF1A
HAMP,Hepcidin Antimicrobial Peptide,Protein Coding,P81172,52,GC19P112928,7.034351826,https://www.genecards.org/cgi-bin/carddisp.pl?gene=HAMP
CR2,Complement C3d Receptor 2,Protein Coding,P20023,54,GC01P207454,7.027939796,https://www.genecards.org/cgi-bin/carddisp.pl?gene=CR2
MIR22,MicroRNA 22,RNA Gene,,29,GC17M001713,7.021057129,https://www.genecards.org/cgi-bin/carddisp.pl?gene=MIR22
PSMB8,Proteasome 20S Subunit Beta 8,Protein Coding,P28062,59,GC06M032840,7.014390945,https://www.genecards.org/cgi-bin/carddisp.pl?gene=PSMB8
S100A12,S100 Calcium Binding Protein A12,Protein Coding,P80511,47,GC01M153373,7.003714561,https://www.genecards.org/cgi-bin/carddisp.pl?gene=S100A12
APOA1,Apolipoprotein A1,Protein Coding,P02647,59,GC11M116835,6.985259533,https://www.genecards.org/cgi-bin/carddisp.pl?gene=APOA1
MIR145,MicroRNA 145,RNA Gene,,30,GC05P149430,6.977095604,https://www.genecards.org/cgi-bin/carddisp.pl?gene=MIR145
TRPV1,Transient Receptor Potential Cation Channel Subfamily V Member 1,Protein Coding,Q8NER1,56,GC17M003565,6.965499401,https://www.genecards.org/cgi-bin/carddisp.pl?gene=TRPV1
BCL2,BCL2 Apoptosis Regulator,Protein Coding,P10415,59,GC18M063123,6.946388721,https://www.genecards.org/cgi-bin/carddisp.pl?gene=BCL2
MIRLET7B,MicroRNA Let-7b,RNA Gene,,27,GC22P070828,6.930343151,https://www.genecards.org/cgi-bin/carddisp.pl?gene=MIRLET7B
CGAS,Cyclic GMP-AMP Synthase,Protein Coding,Q8N884,44,GC06M094311,6.918468475,https://www.genecards.org/cgi-bin/carddisp.pl?gene=CGAS
UBE2L3,Ubiquitin Conjugating Enzyme E2 L3,Protein Coding,P68036,54,GC22P021549,6.916169167,https://www.genecards.org/cgi-bin/carddisp.pl?gene=UBE2L3
TBX21,T-Box Transcription Factor 21,Protein Coding,Q9UL17,54,GC17P047733,6.911862373,https://www.genecards.org/cgi-bin/carddisp.pl?gene=TBX21
NOS3,Nitric Oxide Synthase 3,Protein Coding,P29474,59,GC07P158097,6.887562275,https://www.genecards.org/cgi-bin/carddisp.pl?gene=NOS3
ADRB2,Adrenoceptor Beta 2,Protein Coding,P07550,57,GC05P152320,6.884039402,https://www.genecards.org/cgi-bin/carddisp.pl?gene=ADRB2
PTGDR2,Prostaglandin D2 Receptor 2,Protein Coding,Q9Y5Y4,51,GC11M060850,6.866837978,https://www.genecards.org/cgi-bin/carddisp.pl?gene=PTGDR2
CCL17,C-C Motif Chemokine Ligand 17,Protein Coding,Q92583,48,GC16P082516,6.863183975,https://www.genecards.org/cgi-bin/carddisp.pl?gene=CCL17
C5AR1,Complement C5a Receptor 1,Protein Coding,P21730,54,GC19P047290,6.855188847,https://www.genecards.org/cgi-bin/carddisp.pl?gene=C5AR1
CX3CL1,C-X3-C Motif Chemokine Ligand 1,Protein Coding,P78423,53,GC16P057372,6.851677895,https://www.genecards.org/cgi-bin/carddisp.pl?gene=CX3CL1
F5,Coagulation Factor V,Protein Coding,P12259,56,GC01M169511,6.849986076,https://www.genecards.org/cgi-bin/carddisp.pl?gene=F5
EGF,Epidermal Growth Factor,Protein Coding,P01133,60,GC04P109912,6.845974445,https://www.genecards.org/cgi-bin/carddisp.pl?gene=EGF
KLRC4,Killer Cell Lectin Like Receptor C4,Protein Coding,O43908,44,GC12M029497,6.84000206,https://www.genecards.org/cgi-bin/carddisp.pl?gene=KLRC4
ATG16L1,Autophagy Related 16 Like 1,Protein Coding,Q676U5,51,GC02P233280,6.834695816,https://www.genecards.org/cgi-bin/carddisp.pl?gene=ATG16L1
NR1H2,Nuclear Receptor Subfamily 1 Group H Member 2,Protein Coding,P55055,54,GC19P050329,6.818065166,https://www.genecards.org/cgi-bin/carddisp.pl?gene=NR1H2
MIR197,MicroRNA 197,RNA Gene,,26,GC01P109598,6.808865547,https://www.genecards.org/cgi-bin/carddisp.pl?gene=MIR197
CDH1,Cadherin 1,Protein Coding,P12830,58,GC16P068737,6.806632519,https://www.genecards.org/cgi-bin/carddisp.pl?gene=CDH1
TBK1,TANK Binding Kinase 1,Protein Coding,Q9UHD2,58,GC12P064451,6.804340839,https://www.genecards.org/cgi-bin/carddisp.pl?gene=TBK1
LTB4R,Leukotriene B4 Receptor,Protein Coding,Q15722,52,GC14P024311,6.787545204,https://www.genecards.org/cgi-bin/carddisp.pl?gene=LTB4R
TCF4,Transcription Factor 4,Protein Coding,P15884,56,GC18M055222,6.775640488,https://www.genecards.org/cgi-bin/carddisp.pl?gene=TCF4
SAA4,"Serum Amyloid A4, Constitutive",Protein Coding,P35542,47,GC11M018234,6.770722389,https://www.genecards.org/cgi-bin/carddisp.pl?gene=SAA4
FCGR2B,Fc Gamma Receptor IIb,Protein Coding,P31994,56,GC01P164915,6.747004986,https://www.genecards.org/cgi-bin/carddisp.pl?gene=FCGR2B
ENG,Endoglin,Protein Coding,P17813,56,GC09M127815,6.734638214,https://www.genecards.org/cgi-bin/carddisp.pl?gene=ENG
PVT1,Pvt1 Oncogene,RNA Gene,,32,GC08P128109,6.728553772,https://www.genecards.org/cgi-bin/carddisp.pl?gene=PVT1
SAMHD1,SAM And HD Domain Containing Deoxynucleoside Triphosphate Triphosphohydrolase 1,Protein Coding,Q9Y3Z3,52,GC20M036890,6.705179691,https://www.genecards.org/cgi-bin/carddisp.pl?gene=SAMHD1
IRF3,Interferon Regulatory Factor 3,Protein Coding,Q14653,54,GC19M049659,6.678359985,https://www.genecards.org/cgi-bin/carddisp.pl?gene=IRF3
BTNL2,Butyrophilin Like 2,Protein Coding,Q9UIR0,48,GC06M032393,6.668785095,https://www.genecards.org/cgi-bin/carddisp.pl?gene=BTNL2
MIR451A,MicroRNA 451a,RNA Gene,,25,GC17M028861,6.665258884,https://www.genecards.org/cgi-bin/carddisp.pl?gene=MIR451A
IGF1,Insulin Like Growth Factor 1,Protein Coding,P05019,57,GC12M102395,6.661272049,https://www.genecards.org/cgi-bin/carddisp.pl?gene=IGF1
MIR199B,MicroRNA 199b,RNA Gene,,27,GC09M128244,6.645060539,https://www.genecards.org/cgi-bin/carddisp.pl?gene=MIR199B
JAK2,Janus Kinase 2,Protein Coding,O60674,62,GC09P004985,6.635975361,https://www.genecards.org/cgi-bin/carddisp.pl?gene=JAK2
COL7A1,Collagen Type VII Alpha 1 Chain,Protein Coding,Q02388,52,GC03M048564,6.624469757,https://www.genecards.org/cgi-bin/carddisp.pl?gene=COL7A1
DSP,Desmoplakin,Protein Coding,P15924,59,GC06P007541,6.623237133,https://www.genecards.org/cgi-bin/carddisp.pl?gene=DSP
RARRES2,Retinoic Acid Receptor Responder 2,Protein Coding,Q99969,48,GC07M150333,6.614303112,https://www.genecards.org/cgi-bin/carddisp.pl?gene=RARRES2
SFTPD,Surfactant Protein D,Protein Coding,P35247,53,GC10M079937,6.607182503,https://www.genecards.org/cgi-bin/carddisp.pl?gene=SFTPD
TREM1,Triggering Receptor Expressed On Myeloid Cells 1,Protein Coding,Q9NP99,51,GC06M041267,6.602550983,https://www.genecards.org/cgi-bin/carddisp.pl?gene=TREM1
MIR381,MicroRNA 381,RNA Gene,,26,GC14P116759,6.58870697,https://www.genecards.org/cgi-bin/carddisp.pl?gene=MIR381
FOS,"Fos Proto-Oncogene, AP-1 Transcription Factor Subunit",Protein Coding,P01100,59,GC14P075278,6.561325073,https://www.genecards.org/cgi-bin/carddisp.pl?gene=FOS
PRF1,Perforin 1,Protein Coding,P14222,55,GC10M070597,6.550666809,https://www.genecards.org/cgi-bin/carddisp.pl?gene=PRF1
IL23A,Interleukin 23 Subunit Alpha,Protein Coding,Q9NPF7,48,GC12P060632,6.54400301,https://www.genecards.org/cgi-bin/carddisp.pl?gene=IL23A
INAVA,Innate Immunity Activator,Protein Coding,Q3KP66,43,GC01P200892,6.52822876,https://www.genecards.org/cgi-bin/carddisp.pl?gene=INAVA
MIR130A,MicroRNA 130a,RNA Gene,,29,GC11P057641,6.516536236,https://www.genecards.org/cgi-bin/carddisp.pl?gene=MIR130A
IRF1,Interferon Regulatory Factor 1,Protein Coding,P10914,55,GC05M132440,6.508216381,https://www.genecards.org/cgi-bin/carddisp.pl?gene=IRF1
TRA-TGC7-1,TRNA-Ala (Anticodon TGC) 7-1,RNA Gene,,14,GC06M093612,6.506198406,https://www.genecards.org/cgi-bin/carddisp.pl?gene=TRA-TGC7-1
CD28,CD28 Molecule,Protein Coding,P10747,56,GC02P203706,6.495987415,https://www.genecards.org/cgi-bin/carddisp.pl?gene=CD28
MAPK8,Mitogen-Activated Protein Kinase 8,Protein Coding,P45983,58,GC10P048306,6.493233204,https://www.genecards.org/cgi-bin/carddisp.pl?gene=MAPK8
CAMP,Cathelicidin Antimicrobial Peptide,Protein Coding,P49913,48,GC03P057576,6.489674568,https://www.genecards.org/cgi-bin/carddisp.pl?gene=CAMP
CCDST,Cervical Cancer Associated DHX9 Suppressive Transcript,RNA Gene,,23,GC01P164342,6.464317322,https://www.genecards.org/cgi-bin/carddisp.pl?gene=CCDST
SFTPC,Surfactant Protein C,Protein Coding,P11686,50,GC08P022156,6.462727547,https://www.genecards.org/cgi-bin/carddisp.pl?gene=SFTPC
LGALS3,Galectin 3,Protein Coding,P17931,53,GC14P055124,6.457494736,https://www.genecards.org/cgi-bin/carddisp.pl?gene=LGALS3
C5,Complement C5,Protein Coding,P01031,53,GC09M120933,6.449846745,https://www.genecards.org/cgi-bin/carddisp.pl?gene=C5
ANGPT2,Angiopoietin 2,Protein Coding,O15123,58,GC08M006499,6.447869301,https://www.genecards.org/cgi-bin/carddisp.pl?gene=ANGPT2
BMP6,Bone Morphogenetic Protein 6,Protein Coding,P22004,53,GC06P007726,6.444567204,https://www.genecards.org/cgi-bin/carddisp.pl?gene=BMP6
IL1RL1,Interleukin 1 Receptor Like 1,Protein Coding,Q01638,50,GC02P102294,6.440838814,https://www.genecards.org/cgi-bin/carddisp.pl?gene=IL1RL1
MUC1,"Mucin 1, Cell Surface Associated",Protein Coding,P15941,56,GC01M155185,6.398843288,https://www.genecards.org/cgi-bin/carddisp.pl?gene=MUC1
SOD1,Superoxide Dismutase 1,Protein Coding,P00441,61,GC21P031659,6.394260883,https://www.genecards.org/cgi-bin/carddisp.pl?gene=SOD1
TNFAIP6,TNF Alpha Induced Protein 6,Protein Coding,P98066,49,GC02P151357,6.386472702,https://www.genecards.org/cgi-bin/carddisp.pl?gene=TNFAIP6
IL7,Interleukin 7,Protein Coding,P13232,52,GC08M078689,6.384403229,https://www.genecards.org/cgi-bin/carddisp.pl?gene=IL7
POLA1,"DNA Polymerase Alpha 1, Catalytic Subunit",Protein Coding,P09884,54,GC0XP024693,6.381174088,https://www.genecards.org/cgi-bin/carddisp.pl?gene=POLA1
PDE4A,Phosphodiesterase 4A,Protein Coding,P27815,54,GC19P010416,6.351140022,https://www.genecards.org/cgi-bin/carddisp.pl?gene=PDE4A
CSF1,Colony Stimulating Factor 1,Protein Coding,P09603,53,GC01P109911,6.343932152,https://www.genecards.org/cgi-bin/carddisp.pl?gene=CSF1
SIRT1,Sirtuin 1,Protein Coding,Q96EB6,58,GC10P067884,6.343343735,https://www.genecards.org/cgi-bin/carddisp.pl?gene=SIRT1
PRSS1,Serine Protease 1,Protein Coding,P07477,52,GC07P157883,6.333953857,https://www.genecards.org/cgi-bin/carddisp.pl?gene=PRSS1
ADA,Adenosine Deaminase,Protein Coding,P00813,60,GC20M044620,6.32126379,https://www.genecards.org/cgi-bin/carddisp.pl?gene=ADA
MIR133B,MicroRNA 133b,RNA Gene,,29,GC06P052148,6.316495895,https://www.genecards.org/cgi-bin/carddisp.pl?gene=MIR133B
REG3A,Regenerating Family Member 3 Alpha,Protein Coding,Q06141,46,GC02M079157,6.313407421,https://www.genecards.org/cgi-bin/carddisp.pl?gene=REG3A
RIPK2,Receptor Interacting Serine/Threonine Kinase 2,Protein Coding,O43353,54,GC08P089918,6.309912682,https://www.genecards.org/cgi-bin/carddisp.pl?gene=RIPK2
TUG1,Taurine Up-Regulated 1,Protein Coding,A0A6I8PU40,32,GC22P030969,6.303812504,https://www.genecards.org/cgi-bin/carddisp.pl?gene=TUG1
THBS1,Thrombospondin 1,Protein Coding,P07996,54,GC15P039581,6.301496506,https://www.genecards.org/cgi-bin/carddisp.pl?gene=THBS1
LACC1,Laccase Domain Containing 1,Protein Coding,Q8IV20,45,GC13P043879,6.299632549,https://www.genecards.org/cgi-bin/carddisp.pl?gene=LACC1
SMAD3,SMAD Family Member 3,Protein Coding,P84022,61,GC15P067063,6.294039726,https://www.genecards.org/cgi-bin/carddisp.pl?gene=SMAD3
SEMA4D,Semaphorin 4D,Protein Coding,Q92854,53,GC09M089360,6.282182693,https://www.genecards.org/cgi-bin/carddisp.pl?gene=SEMA4D
CD19,CD19 Molecule,Protein Coding,P15391,60,GC16P081418,6.2819314,https://www.genecards.org/cgi-bin/carddisp.pl?gene=CD19
MIR23A,MicroRNA 23a,RNA Gene,,28,GC19M092210,6.281856537,https://www.genecards.org/cgi-bin/carddisp.pl?gene=MIR23A
FADD,Fas Associated Via Death Domain,Protein Coding,Q13158,54,GC11P070203,6.274053097,https://www.genecards.org/cgi-bin/carddisp.pl?gene=FADD
SERPINB1,Serpin Family B Member 1,Protein Coding,P30740,50,GC06M003730,6.272280216,https://www.genecards.org/cgi-bin/carddisp.pl?gene=SERPINB1
IL12A-AS1,IL12A Antisense RNA 1,RNA Gene,,22,GC03M159913,6.272003174,https://www.genecards.org/cgi-bin/carddisp.pl?gene=IL12A-AS1
AIRE,Autoimmune Regulator,Protein Coding,O43918,53,GC21P044285,6.268417835,https://www.genecards.org/cgi-bin/carddisp.pl?gene=AIRE
MUC5B,"Mucin 5B, Oligomeric Mucus/Gel-Forming",Protein Coding,Q9HC84,51,GC11P010639,6.264554024,https://www.genecards.org/cgi-bin/carddisp.pl?gene=MUC5B
ACKR2,Atypical Chemokine Receptor 2,Protein Coding,O00590,48,GC03P042804,6.262808323,https://www.genecards.org/cgi-bin/carddisp.pl?gene=ACKR2
POMC,Proopiomelanocortin,Protein Coding,P01189,56,GC02M025160,6.250180244,https://www.genecards.org/cgi-bin/carddisp.pl?gene=POMC
ABCB4,ATP Binding Cassette Subfamily B Member 4,Protein Coding,P21439,55,GC07M087365,6.249007702,https://www.genecards.org/cgi-bin/carddisp.pl?gene=ABCB4
ESR1,Estrogen Receptor 1,Protein Coding,P03372,62,GC06P151656,6.217130661,https://www.genecards.org/cgi-bin/carddisp.pl?gene=ESR1
BPI,Bactericidal Permeability Increasing Protein,Protein Coding,P17213,50,GC20P038304,6.208194256,https://www.genecards.org/cgi-bin/carddisp.pl?gene=BPI
CD36,CD36 Molecule (CD36 Blood Group),Protein Coding,P16671,59,GC07P080369,6.206733704,https://www.genecards.org/cgi-bin/carddisp.pl?gene=CD36
CD44,CD44 Molecule (IN Blood Group),Protein Coding,P16070,57,GC11P035139,6.200852394,https://www.genecards.org/cgi-bin/carddisp.pl?gene=CD44
ITGAL,Integrin Subunit Alpha L,Protein Coding,P20701,55,GC16P030472,6.190159321,https://www.genecards.org/cgi-bin/carddisp.pl?gene=ITGAL
IDO1,"Indoleamine 2,3-Dioxygenase 1",Protein Coding,P14902,55,GC08P040225,6.189863205,https://www.genecards.org/cgi-bin/carddisp.pl?gene=IDO1
CXCR1,C-X-C Motif Chemokine Receptor 1,Protein Coding,P25024,52,GC02M218162,6.165634632,https://www.genecards.org/cgi-bin/carddisp.pl?gene=CXCR1
CAT,Catalase,Protein Coding,P04040,60,GC11P034460,6.143263817,https://www.genecards.org/cgi-bin/carddisp.pl?gene=CAT
SELPLG,Selectin P Ligand,Protein Coding,Q14242,53,GC12M108621,6.142822742,https://www.genecards.org/cgi-bin/carddisp.pl?gene=SELPLG
CCL22,C-C Motif Chemokine Ligand 22,Protein Coding,O00626,46,GC16P082508,6.141444206,https://www.genecards.org/cgi-bin/carddisp.pl?gene=CCL22
UBAC2,UBA Domain Containing 2,Protein Coding,Q8NBM4,45,GC13P099200,6.138742924,https://www.genecards.org/cgi-bin/carddisp.pl?gene=UBAC2
SOD2,Superoxide Dismutase 2,Protein Coding,P04179,56,GC06M159669,6.127504349,https://www.genecards.org/cgi-bin/carddisp.pl?gene=SOD2
FERMT1,FERM Domain Containing Kindlin 1,Protein Coding,Q9BQL6,51,GC20M006074,6.122421265,https://www.genecards.org/cgi-bin/carddisp.pl?gene=FERMT1
MIR195,MicroRNA 195,RNA Gene,,26,GC17M074818,6.103416443,https://www.genecards.org/cgi-bin/carddisp.pl?gene=MIR195
CCR2,C-C Motif Chemokine Receptor 2,Protein Coding,P41597,53,GC03P057394,6.097694397,https://www.genecards.org/cgi-bin/carddisp.pl?gene=CCR2
CALCA,Calcitonin Related Polypeptide Alpha,Protein Coding,P06881,52,GC11M014966,6.082668304,https://www.genecards.org/cgi-bin/carddisp.pl?gene=CALCA
ALPK1,Alpha Kinase 1,Protein Coding,Q96QP1,48,GC04P112285,6.081510067,https://www.genecards.org/cgi-bin/carddisp.pl?gene=ALPK1
CCL13,C-C Motif Chemokine Ligand 13,Protein Coding,Q99616,45,GC17P034356,6.078608036,https://www.genecards.org/cgi-bin/carddisp.pl?gene=CCL13
HOTAIR,HOX Transcript Antisense RNA,RNA Gene,,31,GC12M053962,6.062919617,https://www.genecards.org/cgi-bin/carddisp.pl?gene=HOTAIR
FN1,Fibronectin 1,Protein Coding,P02751,59,GC02M215360,6.049531937,https://www.genecards.org/cgi-bin/carddisp.pl?gene=FN1
ALOX15,Arachidonate 15-Lipoxygenase,Protein Coding,P16050,54,GC17M004630,6.036082268,https://www.genecards.org/cgi-bin/carddisp.pl?gene=ALOX15
GHRL,Ghrelin And Obestatin Prepropeptide,Protein Coding,Q9UBU3,50,GC03M010285,6.024582863,https://www.genecards.org/cgi-bin/carddisp.pl?gene=GHRL
TICAM1,TIR Domain Containing Adaptor Molecule 1,Protein Coding,Q8IUC6,50,GC19M004815,6.019670486,https://www.genecards.org/cgi-bin/carddisp.pl?gene=TICAM1
GGT1,Gamma-Glutamyltransferase 1,Protein Coding,P19440,58,GC22P024583,6.003121853,https://www.genecards.org/cgi-bin/carddisp.pl?gene=GGT1
SPINK5,Serine Peptidase Inhibitor Kazal Type 5,Protein Coding,Q9NQ38,49,GC05P148025,5.98720932,https://www.genecards.org/cgi-bin/carddisp.pl?gene=SPINK5
CYLD,CYLD Lysine 63 Deubiquitinase,Protein Coding,Q9NQC7,56,GC16P050742,5.964335442,https://www.genecards.org/cgi-bin/carddisp.pl?gene=CYLD
BRAF,"B-Raf Proto-Oncogene, Serine/Threonine Kinase",Protein Coding,P15056,62,GC07M140773,5.961663723,https://www.genecards.org/cgi-bin/carddisp.pl?gene=BRAF
CD55,CD55 Molecule (Cromer Blood Group),Protein Coding,P08174,58,GC01P207321,5.960642338,https://www.genecards.org/cgi-bin/carddisp.pl?gene=CD55
PLCG2,Phospholipase C Gamma 2,Protein Coding,P16885,60,GC16P081779,5.951037884,https://www.genecards.org/cgi-bin/carddisp.pl?gene=PLCG2
BTK,Bruton Tyrosine Kinase,Protein Coding,Q06187,62,GC0XM101349,5.950093746,https://www.genecards.org/cgi-bin/carddisp.pl?gene=BTK
IFNAR2,Interferon Alpha And Beta Receptor Subunit 2,Protein Coding,P48551,58,GC21P033229,5.943586349,https://www.genecards.org/cgi-bin/carddisp.pl?gene=IFNAR2
SIRT6,Sirtuin 6,Protein Coding,Q8N6T7,52,GC19M004174,5.941700459,https://www.genecards.org/cgi-bin/carddisp.pl?gene=SIRT6
IL21,Interleukin 21,Protein Coding,Q9HBE4,53,GC04M122612,5.939913273,https://www.genecards.org/cgi-bin/carddisp.pl?gene=IL21
CASP10,Caspase 10,Protein Coding,Q92851,56,GC02P201182,5.937754631,https://www.genecards.org/cgi-bin/carddisp.pl?gene=CASP10
CD80,CD80 Molecule,Protein Coding,P33681,52,GC03M119524,5.926361084,https://www.genecards.org/cgi-bin/carddisp.pl?gene=CD80
TTN,Titin,Protein Coding,Q8WZ42,56,GC02M178525,5.92145586,https://www.genecards.org/cgi-bin/carddisp.pl?gene=TTN
IL3,Interleukin 3,Protein Coding,P08700,54,GC05P132060,5.890415668,https://www.genecards.org/cgi-bin/carddisp.pl?gene=IL3
ZFAS1,ZNFX1 Antisense RNA 1,RNA Gene,,28,GC20P049276,5.889172554,https://www.genecards.org/cgi-bin/carddisp.pl?gene=ZFAS1
HLA-DQA1,"Major Histocompatibility Complex, Class II, DQ Alpha 1",Protein Coding,P01909,51,GC06P134852,5.880718708,https://www.genecards.org/cgi-bin/carddisp.pl?gene=HLA-DQA1
GSK3B,Glycogen Synthase Kinase 3 Beta,Protein Coding,P49841,59,GC03M119821,5.877446651,https://www.genecards.org/cgi-bin/carddisp.pl?gene=GSK3B
GSTM1,Glutathione S-Transferase Mu 1,Protein Coding,P09488,51,GC01P109687,5.865229607,https://www.genecards.org/cgi-bin/carddisp.pl?gene=GSTM1
CCL7,C-C Motif Chemokine Ligand 7,Protein Coding,P80098,52,GC17P034270,5.845461845,https://www.genecards.org/cgi-bin/carddisp.pl?gene=CCL7
OSM,Oncostatin M,Protein Coding,P13725,52,GC22M030262,5.819287777,https://www.genecards.org/cgi-bin/carddisp.pl?gene=OSM
TRIM21,Tripartite Motif Containing 21,Protein Coding,P19474,52,GC11M004384,5.795370579,https://www.genecards.org/cgi-bin/carddisp.pl?gene=TRIM21
PSMB4,Proteasome 20S Subunit Beta 4,Protein Coding,P28070,54,GC01P151399,5.791652203,https://www.genecards.org/cgi-bin/carddisp.pl?gene=PSMB4
GATA3,GATA Binding Protein 3,Protein Coding,P23771,58,GC10P008045,5.778176785,https://www.genecards.org/cgi-bin/carddisp.pl?gene=GATA3
XDH,Xanthine Dehydrogenase,Protein Coding,P47989,56,GC02M031334,5.773349762,https://www.genecards.org/cgi-bin/carddisp.pl?gene=XDH
EPCAM,Epithelial Cell Adhesion Molecule,Protein Coding,P16422,56,GC02P047345,5.772316456,https://www.genecards.org/cgi-bin/carddisp.pl?gene=EPCAM
CXCL5,C-X-C Motif Chemokine Ligand 5,Protein Coding,P42830,48,GC04M073995,5.768911362,https://www.genecards.org/cgi-bin/carddisp.pl?gene=CXCL5
MECP2,Methyl-CpG Binding Protein 2,Protein Coding,P51608,55,GC0XM154021,5.757172585,https://www.genecards.org/cgi-bin/carddisp.pl?gene=MECP2
DPP4,Dipeptidyl Peptidase 4,Protein Coding,P27487,58,GC02M161992,5.755966187,https://www.genecards.org/cgi-bin/carddisp.pl?gene=DPP4
TERC,Telomerase RNA Component,RNA Gene,,35,GC03M169765,5.751653194,https://www.genecards.org/cgi-bin/carddisp.pl?gene=TERC
SERPINA3,Serpin Family A Member 3,Protein Coding,P01011,52,GC14P094612,5.748923779,https://www.genecards.org/cgi-bin/carddisp.pl?gene=SERPINA3
LPIN2,Lipin 2,Protein Coding,Q92539,48,GC18M003755,5.748516083,https://www.genecards.org/cgi-bin/carddisp.pl?gene=LPIN2
CCR6,C-C Motif Chemokine Receptor 6,Protein Coding,P51684,52,GC06P167111,5.745503902,https://www.genecards.org/cgi-bin/carddisp.pl?gene=CCR6
TEK,TEK Receptor Tyrosine Kinase,Protein Coding,Q02763,60,GC09P027109,5.745290279,https://www.genecards.org/cgi-bin/carddisp.pl?gene=TEK
IL16,Interleukin 16,Protein Coding,Q14005,50,GC15P081159,5.736998558,https://www.genecards.org/cgi-bin/carddisp.pl?gene=IL16
HPGD,15-Hydroxyprostaglandin Dehydrogenase,Protein Coding,P15428,55,GC04M174490,5.731656075,https://www.genecards.org/cgi-bin/carddisp.pl?gene=HPGD
ELN,Elastin,Protein Coding,P15502,52,GC07P074027,5.729224682,https://www.genecards.org/cgi-bin/carddisp.pl?gene=ELN
PTGER4,Prostaglandin E Receptor 4,Protein Coding,P35408,54,GC05P040679,5.72851181,https://www.genecards.org/cgi-bin/carddisp.pl?gene=PTGER4
LCK,"LCK Proto-Oncogene, Src Family Tyrosine Kinase",Protein Coding,P06239,60,GC01P032251,5.717373371,https://www.genecards.org/cgi-bin/carddisp.pl?gene=LCK
MIR335,MicroRNA 335,RNA Gene,,27,GC07P130496,5.708870411,https://www.genecards.org/cgi-bin/carddisp.pl?gene=MIR335
BLK,"BLK Proto-Oncogene, Src Family Tyrosine Kinase",Protein Coding,P51451,58,GC08P011486,5.706334591,https://www.genecards.org/cgi-bin/carddisp.pl?gene=BLK
MYOC,Myocilin,Protein Coding,Q99972,50,GC01M171604,5.703209877,https://www.genecards.org/cgi-bin/carddisp.pl?gene=MYOC
TRAF3,TNF Receptor Associated Factor 3,Protein Coding,Q13114,55,GC14P115798,5.694297314,https://www.genecards.org/cgi-bin/carddisp.pl?gene=TRAF3
HAVCR2,Hepatitis A Virus Cellular Receptor 2,Protein Coding,Q8TDQ0,54,GC05M157063,5.692071915,https://www.genecards.org/cgi-bin/carddisp.pl?gene=HAVCR2
TNFSF12,TNF Superfamily Member 12,Protein Coding,O43508,46,GC17P111184,5.690846443,https://www.genecards.org/cgi-bin/carddisp.pl?gene=TNFSF12
KRAS,"KRAS Proto-Oncogene, GTPase",Protein Coding,P01116,61,GC12M029682,5.688131809,https://www.genecards.org/cgi-bin/carddisp.pl?gene=KRAS
MMP13,Matrix Metallopeptidase 13,Protein Coding,P45452,59,GC11M102942,5.681275845,https://www.genecards.org/cgi-bin/carddisp.pl?gene=MMP13
EPO,Erythropoietin,Protein Coding,P01588,52,GC07P100720,5.678537846,https://www.genecards.org/cgi-bin/carddisp.pl?gene=EPO
NPPB,Natriuretic Peptide B,Protein Coding,P16860,52,GC01M014525,5.677340508,https://www.genecards.org/cgi-bin/carddisp.pl?gene=NPPB
AHR,Aryl Hydrocarbon Receptor,Protein Coding,P35869,55,GC07P016916,5.673713207,https://www.genecards.org/cgi-bin/carddisp.pl?gene=AHR
MTHFR,Methylenetetrahydrofolate Reductase,Protein Coding,P42898,56,GC01M011785,5.672415733,https://www.genecards.org/cgi-bin/carddisp.pl?gene=MTHFR
CYLD-AS1,CYLD Antisense RNA 1,RNA Gene,,20,GC16M050736,5.666944027,https://www.genecards.org/cgi-bin/carddisp.pl?gene=CYLD-AS1
PTPRC,Protein Tyrosine Phosphatase Receptor Type C,Protein Coding,P08575,61,GC01P198607,5.641625404,https://www.genecards.org/cgi-bin/carddisp.pl?gene=PTPRC
MUC5AC,"Mucin 5AC, Oligomeric Mucus/Gel-Forming",Protein Coding,P98088,48,GC11P010637,5.616163254,https://www.genecards.org/cgi-bin/carddisp.pl?gene=MUC5AC
TNFAIP8L2,TNF Alpha Induced Protein 8 Like 2,Protein Coding,Q6P589,37,GC01P151156,5.604707241,https://www.genecards.org/cgi-bin/carddisp.pl?gene=TNFAIP8L2
COL1A1,Collagen Type I Alpha 1 Chain,Protein Coding,P02452,58,GC17M078201,5.600745201,https://www.genecards.org/cgi-bin/carddisp.pl?gene=COL1A1
IFNG-AS1,IFNG Antisense RNA 1,RNA Gene,,26,GC12P067989,5.587189674,https://www.genecards.org/cgi-bin/carddisp.pl?gene=IFNG-AS1
MAP3K7,Mitogen-Activated Protein Kinase Kinase Kinase 7,Protein Coding,O43318,59,GC06M090513,5.577290058,https://www.genecards.org/cgi-bin/carddisp.pl?gene=MAP3K7
FPR1,Formyl Peptide Receptor 1,Protein Coding,P21462,53,GC19M051745,5.575024605,https://www.genecards.org/cgi-bin/carddisp.pl?gene=FPR1
BACH2,BTB Domain And CNC Homolog 2,Protein Coding,Q9BYV9,51,GC06M089926,5.574795723,https://www.genecards.org/cgi-bin/carddisp.pl?gene=BACH2
RNASEH2B,Ribonuclease H2 Subunit B,Protein Coding,Q5TBB1,46,GC13P050909,5.57294035,https://www.genecards.org/cgi-bin/carddisp.pl?gene=RNASEH2B
MIR143,MicroRNA 143,RNA Gene,,31,GC05P152355,5.570477486,https://www.genecards.org/cgi-bin/carddisp.pl?gene=MIR143
TACR1,Tachykinin Receptor 1,Protein Coding,P25103,54,GC02M075597,5.554139137,https://www.genecards.org/cgi-bin/carddisp.pl?gene=TACR1
CAV1,Caveolin 1,Protein Coding,Q03135,57,GC07P116524,5.553395271,https://www.genecards.org/cgi-bin/carddisp.pl?gene=CAV1
TGM2,Transglutaminase 2,Protein Coding,P21980,56,GC20M038127,5.550852776,https://www.genecards.org/cgi-bin/carddisp.pl?gene=TGM2
TERT,Telomerase Reverse Transcriptase,Protein Coding,O14746,60,GC05M001253,5.545253277,https://www.genecards.org/cgi-bin/carddisp.pl?gene=TERT
FGFR2,Fibroblast Growth Factor Receptor 2,Protein Coding,P21802,64,GC10M121478,5.535400391,https://www.genecards.org/cgi-bin/carddisp.pl?gene=FGFR2
IKZF1,IKAROS Family Zinc Finger 1,Protein Coding,Q13422,57,GC07P050303,5.533471107,https://www.genecards.org/cgi-bin/carddisp.pl?gene=IKZF1
IL21R,Interleukin 21 Receptor,Protein Coding,Q9HBE5,51,GC16P081252,5.531335831,https://www.genecards.org/cgi-bin/carddisp.pl?gene=IL21R
AIM2,Absent In Melanoma 2,Protein Coding,O14862,50,GC01M161299,5.524559021,https://www.genecards.org/cgi-bin/carddisp.pl?gene=AIM2
TTC7A,Tetratricopeptide Repeat Domain 7A,Protein Coding,Q9ULT0,47,GC02P046919,5.520492554,https://www.genecards.org/cgi-bin/carddisp.pl?gene=TTC7A
ITGA4,Integrin Subunit Alpha 4,Protein Coding,P13612,57,GC02P181467,5.508164406,https://www.genecards.org/cgi-bin/carddisp.pl?gene=ITGA4
CRH,Corticotropin Releasing Hormone,Protein Coding,P06850,52,GC08M066176,5.492239475,https://www.genecards.org/cgi-bin/carddisp.pl?gene=CRH
RIGI,RNA Sensor RIG-I,Protein Coding,O95786,56,GC09M032525,5.485815525,https://www.genecards.org/cgi-bin/carddisp.pl?gene=RIGI
KRT18,Keratin 18,Protein Coding,P05783,58,GC12P052948,5.475070477,https://www.genecards.org/cgi-bin/carddisp.pl?gene=KRT18
MUC2,"Mucin 2, Oligomeric Mucus/Gel-Forming",Protein Coding,Q02817,48,GC11P001074,5.462765694,https://www.genecards.org/cgi-bin/carddisp.pl?gene=MUC2
HSPA4,Heat Shock Protein Family A (Hsp70) Member 4,Protein Coding,P34932,52,GC05P133062,5.460080624,https://www.genecards.org/cgi-bin/carddisp.pl?gene=HSPA4
GRN,Granulin Precursor,Protein Coding,P28799,56,GC17P044345,5.459645748,https://www.genecards.org/cgi-bin/carddisp.pl?gene=GRN
MIR320A,MicroRNA 320a,RNA Gene,,29,GC08M022306,5.451376438,https://www.genecards.org/cgi-bin/carddisp.pl?gene=MIR320A
MYH7,Myosin Heavy Chain 7,Protein Coding,P12883,56,GC14M023412,5.447633266,https://www.genecards.org/cgi-bin/carddisp.pl?gene=MYH7
RASGRP1,RAS Guanyl Releasing Protein 1,Protein Coding,O95267,54,GC15M038488,5.446246624,https://www.genecards.org/cgi-bin/carddisp.pl?gene=RASGRP1
LRP1,LDL Receptor Related Protein 1,Protein Coding,Q07954,56,GC12P057128,5.442359924,https://www.genecards.org/cgi-bin/carddisp.pl?gene=LRP1
AP1S3,Adaptor Related Protein Complex 1 Subunit Sigma 3,Protein Coding,Q96PC3,47,GC02M223667,5.429899216,https://www.genecards.org/cgi-bin/carddisp.pl?gene=AP1S3
CTRC,Chymotrypsin C,Protein Coding,Q99895,53,GC01P015438,5.42519331,https://www.genecards.org/cgi-bin/carddisp.pl?gene=CTRC
P2RX7,Purinergic Receptor P2X 7,Protein Coding,Q99572,55,GC12P133258,5.421378613,https://www.genecards.org/cgi-bin/carddisp.pl?gene=P2RX7
BANK1,B Cell Scaffold Protein With Ankyrin Repeats 1,Protein Coding,Q8NDB2,45,GC04P101411,5.414735317,https://www.genecards.org/cgi-bin/carddisp.pl?gene=BANK1
TGFBR2,Transforming Growth Factor Beta Receptor 2,Protein Coding,P37173,61,GC03P030623,5.411141396,https://www.genecards.org/cgi-bin/carddisp.pl?gene=TGFBR2
KL,Klotho,Protein Coding,Q9UEF7,56,GC13P033016,5.409817696,https://www.genecards.org/cgi-bin/carddisp.pl?gene=KL
B2M,Beta-2-Microglobulin,Protein Coding,P61769,59,GC15P044711,5.403986454,https://www.genecards.org/cgi-bin/carddisp.pl?gene=B2M
WAS,WASP Actin Nucleation Promoting Factor,Protein Coding,P42768,55,GC0XP048676,5.402684212,https://www.genecards.org/cgi-bin/carddisp.pl?gene=WAS
HLA-A,"Major Histocompatibility Complex, Class I, A",Protein Coding,P04439,54,GC06P134779,5.402422905,https://www.genecards.org/cgi-bin/carddisp.pl?gene=HLA-A
FGF2,Fibroblast Growth Factor 2,Protein Coding,P09038,54,GC04P122826,5.396010399,https://www.genecards.org/cgi-bin/carddisp.pl?gene=FGF2
BDKRB1,Bradykinin Receptor B1,Protein Coding,P46663,50,GC14P096336,5.390039921,https://www.genecards.org/cgi-bin/carddisp.pl?gene=BDKRB1
SMAD4,SMAD Family Member 4,Protein Coding,Q13485,61,GC18P051028,5.386642933,https://www.genecards.org/cgi-bin/carddisp.pl?gene=SMAD4
APOH,Apolipoprotein H,Protein Coding,P02749,53,GC17M066212,5.385140896,https://www.genecards.org/cgi-bin/carddisp.pl?gene=APOH
C1S,Complement C1s,Protein Coding,P09871,55,GC12P038999,5.379512787,https://www.genecards.org/cgi-bin/carddisp.pl?gene=C1S
F2R,Coagulation Factor II Thrombin Receptor,Protein Coding,P25116,55,GC05P076716,5.378154755,https://www.genecards.org/cgi-bin/carddisp.pl?gene=F2R
EMSLR,E2F1 MRNA Stabilizing LncRNA,RNA Gene,,19,GC07P106459,5.374918461,https://www.genecards.org/cgi-bin/carddisp.pl?gene=EMSLR
MIR200C,MicroRNA 200c,RNA Gene,,29,GC12P038995,5.369647026,https://www.genecards.org/cgi-bin/carddisp.pl?gene=MIR200C
PRSS2,Serine Protease 2,Protein Coding,P07478,49,GC07P157898,5.34941721,https://www.genecards.org/cgi-bin/carddisp.pl?gene=PRSS2
CXCL13,C-X-C Motif Chemokine Ligand 13,Protein Coding,O43927,49,GC04P077511,5.344703674,https://www.genecards.org/cgi-bin/carddisp.pl?gene=CXCL13
MALT1,MALT1 Paracaspase,Protein Coding,Q9UDY8,56,GC18P058671,5.343707561,https://www.genecards.org/cgi-bin/carddisp.pl?gene=MALT1
RNASEH2A,Ribonuclease H2 Subunit A,Protein Coding,O75792,52,GC19P112449,5.340788841,https://www.genecards.org/cgi-bin/carddisp.pl?gene=RNASEH2A
CD86,CD86 Molecule,Protein Coding,P42081,53,GC03P122055,5.336846828,https://www.genecards.org/cgi-bin/carddisp.pl?gene=CD86
DOCK11,Dedicator Of Cytokinesis 11,Protein Coding,Q5JSL3,45,GC0XP118512,5.336434364,https://www.genecards.org/cgi-bin/carddisp.pl?gene=DOCK11
TGFB3,Transforming Growth Factor Beta 3,Protein Coding,P10600,56,GC14M075958,5.312198162,https://www.genecards.org/cgi-bin/carddisp.pl?gene=TGFB3
FCGR1A,Fc Gamma Receptor Ia,Protein Coding,P12314,50,GC01P164197,5.298625946,https://www.genecards.org/cgi-bin/carddisp.pl?gene=FCGR1A
GDF15,Growth Differentiation Factor 15,Protein Coding,Q99988,52,GC19P112633,5.295998096,https://www.genecards.org/cgi-bin/carddisp.pl?gene=GDF15
MIAT,Myocardial Infarction Associated Transcript,RNA Gene,,32,GC22P026646,5.294724941,https://www.genecards.org/cgi-bin/carddisp.pl?gene=MIAT
MIR127,MicroRNA 127,RNA Gene,,28,GC14P115744,5.285197258,https://www.genecards.org/cgi-bin/carddisp.pl?gene=MIR127
BAG3,BAG Cochaperone 3,Protein Coding,O95817,52,GC10P119651,5.28212595,https://www.genecards.org/cgi-bin/carddisp.pl?gene=BAG3
FBN1,Fibrillin 1,Protein Coding,P35555,56,GC15M048408,5.280805111,https://www.genecards.org/cgi-bin/carddisp.pl?gene=FBN1
FLNA,Filamin A,Protein Coding,P21333,57,GC0XM154348,5.272125721,https://www.genecards.org/cgi-bin/carddisp.pl?gene=FLNA
BGLAP,Bone Gamma-Carboxyglutamate Protein,Protein Coding,P02818,49,GC01P156242,5.264282227,https://www.genecards.org/cgi-bin/carddisp.pl?gene=BGLAP
RTEL1,Regulator Of Telomere Elongation Helicase 1,Protein Coding,Q9NZ71,51,GC20P066991,5.263431072,https://www.genecards.org/cgi-bin/carddisp.pl?gene=RTEL1
CLEC7A,C-Type Lectin Domain Containing 7A,Protein Coding,Q9BXN2,54,GC12M029494,5.263188839,https://www.genecards.org/cgi-bin/carddisp.pl?gene=CLEC7A
CFH,Complement Factor H,Protein Coding,P08603,56,GC01P196621,5.255275249,https://www.genecards.org/cgi-bin/carddisp.pl?gene=CFH
TFRC,Transferrin Receptor,Protein Coding,P02786,59,GC03M196303,5.246445656,https://www.genecards.org/cgi-bin/carddisp.pl?gene=TFRC
RNF31,Ring Finger Protein 31,Protein Coding,Q96EP0,49,GC14P024146,5.239262104,https://www.genecards.org/cgi-bin/carddisp.pl?gene=RNF31
RELB,"RELB Proto-Oncogene, NF-KB Subunit",Protein Coding,Q01201,54,GC19P113255,5.238348961,https://www.genecards.org/cgi-bin/carddisp.pl?gene=RELB
ERBB2,Erb-B2 Receptor Tyrosine Kinase 2,Protein Coding,P04626,63,GC17P039687,5.233607292,https://www.genecards.org/cgi-bin/carddisp.pl?gene=ERBB2
MAPT,Microtubule Associated Protein Tau,Protein Coding,P10636,59,GC17P045894,5.229822636,https://www.genecards.org/cgi-bin/carddisp.pl?gene=MAPT
CASR,Calcium Sensing Receptor,Protein Coding,P41180,60,GC03P122183,5.22721529,https://www.genecards.org/cgi-bin/carddisp.pl?gene=CASR
PRKCQ,Protein Kinase C Theta,Protein Coding,Q04759,57,GC10M006940,5.224778652,https://www.genecards.org/cgi-bin/carddisp.pl?gene=PRKCQ
MIR148A,MicroRNA 148a,RNA Gene,,27,GC07M025950,5.211081505,https://www.genecards.org/cgi-bin/carddisp.pl?gene=MIR148A
ORM1,Orosomucoid 1,Protein Coding,P02763,47,GC09P114323,5.208254337,https://www.genecards.org/cgi-bin/carddisp.pl?gene=ORM1
TRAF2,TNF Receptor Associated Factor 2,Protein Coding,Q12933,54,GC09P136881,5.207811832,https://www.genecards.org/cgi-bin/carddisp.pl?gene=TRAF2
NR1H3,Nuclear Receptor Subfamily 1 Group H Member 3,Protein Coding,Q13133,55,GC11P047248,5.190845013,https://www.genecards.org/cgi-bin/carddisp.pl?gene=NR1H3
CD68,CD68 Molecule,Protein Coding,P34810,49,GC17P007579,5.181080341,https://www.genecards.org/cgi-bin/carddisp.pl?gene=CD68
MMP12,Matrix Metallopeptidase 12,Protein Coding,P39900,55,GC11M102862,5.175948143,https://www.genecards.org/cgi-bin/carddisp.pl?gene=MMP12
ZAP70,Zeta Chain Of T Cell Receptor Associated Protein Kinase 70,Protein Coding,P43403,59,GC02P097943,5.17593956,https://www.genecards.org/cgi-bin/carddisp.pl?gene=ZAP70
MIR31,MicroRNA 31,RNA Gene,,27,GC09M022147,5.174104691,https://www.genecards.org/cgi-bin/carddisp.pl?gene=MIR31
ATRIP,ATR Interacting Protein,Protein Coding,Q8WXE1,51,GC03P057588,5.173178673,https://www.genecards.org/cgi-bin/carddisp.pl?gene=ATRIP
ATRIP-TREX1,ATRIP-TREX1 Readthrough,RNA Gene,,13,GC03P057589,5.173178673,https://www.genecards.org/cgi-bin/carddisp.pl?gene=ATRIP-TREX1
FGF10,Fibroblast Growth Factor 10,Protein Coding,O15520,56,GC05M044874,5.173074245,https://www.genecards.org/cgi-bin/carddisp.pl?gene=FGF10
MIR10B,MicroRNA 10b,RNA Gene,,29,GC02P176150,5.172019958,https://www.genecards.org/cgi-bin/carddisp.pl?gene=MIR10B
ABCB11,ATP Binding Cassette Subfamily B Member 11,Protein Coding,O95342,55,GC02M168922,5.146567345,https://www.genecards.org/cgi-bin/carddisp.pl?gene=ABCB11
ARG1,Arginase 1,Protein Coding,P05089,58,GC06P136455,5.14598465,https://www.genecards.org/cgi-bin/carddisp.pl?gene=ARG1
MIR151A,MicroRNA 151a,RNA Gene,,26,GC08M140928,5.139809132,https://www.genecards.org/cgi-bin/carddisp.pl?gene=MIR151A
CCR4,C-C Motif Chemokine Receptor 4,Protein Coding,P51679,54,GC03P032951,5.134625912,https://www.genecards.org/cgi-bin/carddisp.pl?gene=CCR4
GUSB,Glucuronidase Beta,Protein Coding,P08236,56,GC07M065960,5.133002281,https://www.genecards.org/cgi-bin/carddisp.pl?gene=GUSB
GDNF,Glial Cell Derived Neurotrophic Factor,Protein Coding,P39905,59,GC05M037812,5.130522728,https://www.genecards.org/cgi-bin/carddisp.pl?gene=GDNF
STAT6,Signal Transducer And Activator Of Transcription 6,Protein Coding,P42226,59,GC12M057095,5.130271912,https://www.genecards.org/cgi-bin/carddisp.pl?gene=STAT6
IGHG1,Immunoglobulin Heavy Constant Gamma 1 (G1m Marker),Protein Coding,P01857,43,GC14M105736,5.128593445,https://www.genecards.org/cgi-bin/carddisp.pl?gene=IGHG1
STXBP2,Syntaxin Binding Protein 2,Protein Coding,Q15833,53,GC19P112137,5.126855373,https://www.genecards.org/cgi-bin/carddisp.pl?gene=STXBP2
APP,Amyloid Beta Precursor Protein,Protein Coding,P05067,59,GC21M025880,5.114727974,https://www.genecards.org/cgi-bin/carddisp.pl?gene=APP
PWAR4,Prader Willi/Angelman Region RNA 4,RNA Gene,,15,GC15P025211,5.11458683,https://www.genecards.org/cgi-bin/carddisp.pl?gene=PWAR4
MIR409,MicroRNA 409,RNA Gene,,26,GC14P116762,5.114458084,https://www.genecards.org/cgi-bin/carddisp.pl?gene=MIR409
SREBF1,Sterol Regulatory Element Binding Transcription Factor 1,Protein Coding,P36956,58,GC17M017810,5.105315685,https://www.genecards.org/cgi-bin/carddisp.pl?gene=SREBF1
TGFBR1,Transforming Growth Factor Beta Receptor 1,Protein Coding,P36897,62,GC09P100712,5.104568481,https://www.genecards.org/cgi-bin/carddisp.pl?gene=TGFBR1
C1R,Complement C1r,Protein Coding,P00736,55,GC12M029317,5.085259438,https://www.genecards.org/cgi-bin/carddisp.pl?gene=C1R
SMAD2,SMAD Family Member 2,Protein Coding,Q15796,60,GC18M047809,5.080012798,https://www.genecards.org/cgi-bin/carddisp.pl?gene=SMAD2
CMKLR1,Chemerin Chemokine-Like Receptor 1,Protein Coding,Q99788,46,GC12M108288,5.065817833,https://www.genecards.org/cgi-bin/carddisp.pl?gene=CMKLR1
GNE,Glucosamine (UDP-N-Acetyl)-2-Epimerase/N-Acetylmannosamine Kinase,Protein Coding,Q9Y223,51,GC09M036214,5.065524578,https://www.genecards.org/cgi-bin/carddisp.pl?gene=GNE
SFTPA1,Surfactant Protein A1,Protein Coding,Q8IWL2,53,GC10P112479,5.057831764,https://www.genecards.org/cgi-bin/carddisp.pl?gene=SFTPA1
CLC,Charcot-Leyden Crystal Galectin,Protein Coding,Q05315,48,GC19M092756,5.053099632,https://www.genecards.org/cgi-bin/carddisp.pl?gene=CLC
RELN,Reelin,Protein Coding,P78509,53,GC07M103471,5.045493126,https://www.genecards.org/cgi-bin/carddisp.pl?gene=RELN
CD69,CD69 Molecule,Protein Coding,Q07108,51,GC12M029488,5.029752731,https://www.genecards.org/cgi-bin/carddisp.pl?gene=CD69
HNF1A-AS1,HNF1A Antisense RNA 1,RNA Gene,,26,GC12M123604,5.021708012,https://www.genecards.org/cgi-bin/carddisp.pl?gene=HNF1A-AS1
IL11,Interleukin 11,Protein Coding,P20809,50,GC19M055364,5.011619091,https://www.genecards.org/cgi-bin/carddisp.pl?gene=IL11
CTSB,Cathepsin B,Protein Coding,P07858,60,GC08M011842,5.006762505,https://www.genecards.org/cgi-bin/carddisp.pl?gene=CTSB
MIR93,MicroRNA 93,RNA Gene,,28,GC07M105252,5.000629425,https://www.genecards.org/cgi-bin/carddisp.pl?gene=MIR93
